ลำดับ	ชนิดข้อความ	ตำแหน่งในไฟล์	เลขข้อจาก TOR	ข้อความ TOR ต้นฉบับ	หมวด/Module	Frappe/ERPNext Coverage	สิ่งที่มีใน Standard	สิ่งที่ต้องทำเพิ่ม / Customization	Gap/Risk	Priority	Effort	หลักฐาน/Reference	หมายเหตุจาก Fit-Gap	ช่องให้เติมเอง
1	Paragraph	1		รายละเอียดคุณลักษณะเฉพาะ										
2	Paragraph	2		ระบบบริหารทรัพยากรองค์กร (Enterprise Resource Planning : ERP)										
3	Paragraph	4	1	๑. หลักการและเหตุผล										
4	Paragraph	5		สำนักงานคณะกรรมการการรักษาความมั่นคงปลอดภัยไซเบอร์แห่งชาติ (สกมช.) จัดตั้งขึ้นตามพระราชบัญญัติการรักษาความมั่นคงปลอดภัยไซเบอร์ พ.ศ. 2562 มีผลใช้บังคับเมื่อวันที่ 28 พฤษภาคม 2562 โดยมีวัตถุประสงค์เพื่อกำหนดนโยบาย มาตรการ แนวทางการรักษาความมั่นคงปลอดภัยไซเบอร์ สำหรับหน่วยงานภาครัฐและภาคเอกชนที่เป็นโครงสร้างพื้นฐานสำคัญทางสารสนเทศ ในการป้องกัน รับมือ และลดความเสี่ยงจากภัยคุกคามทางไซเบอร์ มิให้เกิดผลกระทบต่อความมั่นคงของรัฐ และความสงบเรียบร้อยภายในประเทศ รวมทั้งให้ สกมช. เป็นหน่วยงานรับผิดชอบงานตามพระราชบัญญัติ และประสาน การปฏิบัติงานร่วมกันทั้งภาครัฐและเอกชน ไม่ว่าในสถานการณ์ทั่วไปหรือสถานการณ์ที่เป็นภัยต่อความมั่นคงอย่างร้ายแรง อันจะทำให้การป้องกันและการรับมือกับภัยคุกคามทางไซเบอร์เป็นไปอย่างมีประสิทธิภาพ										
5	Paragraph	6		ปัจจุบัน สกมช. อยู่ระหว่างเริ่มต้นดำเนินงานตามภารกิจและพัฒนาระบบการดำเนินงานภายใน โดยวางระบบการดำเนินงานที่ได้มาตรฐานและใช้ระบบดิจิทัล (Digital) เต็มรูปแบบ ลดการใช้กระดาษ ทันต่อการเปลี่ยนแปลงเทคโนโลยี สกมช. จึงจัดหาระบบการดำเนินงานที่ได้มาตรฐาน และเพื่อให้ระบบบริหารงบประมาณ ระบบจัดซื้อจัดจ้าง ระบบบริหารพัสดุ ครุภัณฑ์ ระบบบัญชี การเงินและระบบอื่น ๆ ที่มีความจำเป็นสำหรับใช้ในการบริหารจัดการและติดตามการดำเนินงานของ สกมช. ที่มีประสิทธิภาพตอบสนองทิศทางการดำเนินงานของ สกมช.										
6	Paragraph	7		สกมช. ได้เล็งเห็นความสำคัญในการบูรณาการระบบสารสนเทศภายใน เพื่อให้มีการดำเนินการพัฒนาปรับปรุงโครงสร้างระบบสารสนเทศเพื่อบูรณาการฐานข้อมูลกับระบบสารสนเทศให้สามารถทำงานร่วมกันได้อย่างมีประสิทธิภาพทั้งในด้านความรวดเร็ว ความเชื่อถือ ความพร้อมใช้ ความทันสมัยของข้อมูล รวมทั้งการประหยัดการใช้ทรัพยากรทางด้านสารสนเทศ สกมช. ได้ดำเนินการวิเคราะห์และทราบถึงปัญหาของระบบสารสนเทศที่เกี่ยวกับกระบวนการทำงานเชิงสนับสนุนของหน่วยงานในปัจจุบัน เช่น ระบบบริหารงบประมาณ บัญชี การเงิน พัสดุ งานจัดซื้อจัดจ้าง และการติดตามและประเมินแผนการดำเนินงาน และทำการออกแบบกระบวนการทำงานที่เหมาะสมกับระเบียบข้อบังคับและการปฏิบัติของหน่วยงานในปีงบประมาณที่ผ่านมา จึงมีความประสงค์จะจัดหาระบบบริหารทรัพยากรองค์กร (Enterprise Resource Planning : ERP) เพื่อช่วยสนับสนุนการปฏิบัติงานภายในองค์กรให้สามารถปฏิบัติงานได้อย่างรวดเร็ว ถูกต้อง และมีประสิทธิภาพมากยิ่งขึ้น เพื่อสามารถปฏิบัติตามนโยบายและแผนกลยุทธ์ขององค์กรให้บรรลุเป้าหมาย โดยมีการเชื่อมโยงกระบวนการ ทำงานทั้งภายในและภายนอกอย่างมีระบบ บนแนวคิดในการพัฒนาระบบเทคโนโลยีสารสนเทศ เพื่อให้เกิดประสิทธิภาพสูงสุดและรองรับการขยายตัวของผู้ใช้งานในอนาคต										
7	Paragraph	9	2	๒. วัตถุประสงค์										
8	Paragraph	10	2.1	๒.1 เพื่อจัดหาระบบสารสนเทศ กระบวนการทำงาน และกำหนดคุณลักษณะในการพัฒนาที่เหมาะสมต่อหน่วยงานให้ก้าวสู่องค์กรอัจฉริยะ (SMART Organization)										
9	Paragraph	11	2.2	2.2 เพื่อจัดหาระบบบริหารจัดการทรัพยากรองค์กร ด้านงบประมาณ ด้านการจัดซื้อจัดจ้าง ด้านบริหารพัสดุ ครุภัณฑ์ ด้านงานบัญชีการเงินและงานอื่น ๆ ให้สามารถช่วยลดขั้นตอนการปฏิบัติงาน ลดการใช้กระดาษและช่วยให้กระบวนการทำงานขององค์กรมีประสิทธิภาพมากยิ่งขึ้น										
10	Paragraph	14	3	3. คุณสมบัติของผู้ยื่นข้อเสนอ										
11	Paragraph	15	3.1	๓.๑ มีความสามารถตามกฎหมาย										
12	Paragraph	16	3.2	๓.๒ ไม่เป็นบุคคลล้มละลาย										
13	Paragraph	17	3.3	๓.๓ ไม่อยู่ระหว่างเลิกกิจการ										
14	Paragraph	18	3.4	๓.๔ ไม่เป็นบุคคลซึ่งอยู่ระหว่างถูกระงับการยื่นข้อเสนอหรือทำสัญญากับหน่วยงานของรัฐไว้ชั่วคราวเนื่องจากเป็นผู้ที่ไม่ผ่านเกณฑ์การประเมินผลการปฏิบัติงานของผู้ประกอบการตามระเบียบที่รัฐมนตรีว่าการกระทรวงการคลังกำหนดตามที่ประกาศเผยแพร่ในระบบเครือข่ายสารสนเทศของกรมบัญชีกลาง										
15	Paragraph	19	3.5	๓.๕ ไม่เป็นบุคคลซึ่งถูกระบุชื่อไว้ในบัญชีรายชื่อผู้ทิ้งงานและได้แจ้งเวียนชื่อให้เป็นผู้ทิ้งงานของหน่วยงานของรัฐในระบบเครือข่ายสารสนเทศของกรมบัญชีกลาง ซึ่งรวมถึงนิติบุคคลที่ผู้ทิ้งงานเป็นหุ้นส่วนผู้จัดการ กรรมการ ผู้จัดการ ผู้บริหาร ผู้มีอำนาจในการดำเนินงานในกิจการของนิติบุคคลนั้นด้วย										
16	Paragraph	20	3.6	๓.๖ มีคุณสมบัติและไม่มีลักษณะต้องห้ามตามที่คณะกรรมการนโยบายการจัดซื้อจัดจ้าง และการบริหารพัสดุภาครัฐกำหนดในราชกิจจานุเบกษา										
17	Paragraph	21	3.7	๓.๗ เป็นบุคคลธรรมดาหรือนิติบุคคล ผู้มีอาชีพขายพัสดุดังกล่าว										
18	Paragraph	22	3.8	๓.๘ ไม่เป็นผู้มีผลประโยชน์ร่วมกันกับผู้ยื่นข้อเสนอรายอื่นที่เข้ายื่นข้อเสนอให้แก่ สำนักงานคณะกรรมการการรักษาความมั่นคงปลอดภัยไซเบอร์แห่งชาติ ณ วันยื่นข้อเสนอ หรือไม่เป็นผู้กระทำการ อันเป็นการขัดขวางการแข่งขันอย่างเป็นธรรมในการยื่นข้อเสนอครั้งนี้										
19	Paragraph	23	3.9	๓.๙ ไม่เป็นผู้ได้รับเอกสิทธิ์หรือความคุ้มกัน ซึ่งอาจปฏิเสธไม่ยอมขึ้นศาลไทย เว้นแต่รัฐบาลของผู้ยื่นข้อเสนอได้มีคำสั่งให้สละเอกสิทธิ์และความคุ้มกันเช่นว่านั้น										
20	Paragraph	24	3.10	”3.10 ผู้ยื่นข้อเสนอที่ยื่นข้อเสนอในรูปแบบของ ””กิจการร่วมค้า”” ต้องมีคุณสมบัติดังนี้”										
21	Paragraph	25		กรณีที่ข้อตกลงระหว่างผู้เข้าร่วมค้ากำหนดให้ผู้เข้าร่วมค้ารายใดรายหนึ่งเป็นผู้เข้าร่วมค้าหลัก ข้อตกลงระหว่างผู้เข้าร่วมค้าจะต้องมีการกำหนดสัดส่วนหน้าที่ และความรับผิดชอบในปริมาณงาน สิ่งของ หรือมูลค่าตามสัญญาของผู้เข้าร่วมค้าหลักมากกว่าผู้เข้าร่วมค้ารายอื่นทุกราย										
22	Paragraph	26		กรณีที่ข้อตกลงระหว่างผู้เข้าร่วมค้ากำหนดให้ผู้เข้าร่วมค้ารายใดรายหนึ่งเป็นผู้เข้าร่วมค้าหลัก กิจการร่วมค้านั้นต้องใช้ผลงานของผู้เข้าร่วมค้าหลักรายเดียวเป็นผลงานของกิจการร่วมค้าที่ยื่นข้อเสนอ										
23	Paragraph	27		สำหรับข้อตกลงระหว่างผู้เข้าร่วมค้าที่ไม่ได้กำหนดให้ผู้เข้าร่วมค้ารายใดเป็นผู้เข้าร่วมค้าหลัก ผู้เข้าร่วมค้าทุกรายจะต้องมีคุณสมบัติครบถ้วนตามเงื่อนไขที่กำหนดไว้ในเอกสารเชิญชวน หรือหนังสือเชิญชวน										
24	Paragraph	28		กรณีที่ข้อตกลงระหว่างผู้เข้าร่วมค้ากำหนดให้มีการมอบหมายผู้เข้าร่วมค้ารายใดรายหนึ่งเป็นผู้ยื่นข้อเสนอ ในนามกิจการร่วมค้า การยื่นข้อเสนอดังกล่าวไม่ต้องมีหนังสือมอบอำนาจ										
25	Paragraph	29		สำหรับข้อตกลงระหว่างผู้เข้าร่วมค้าที่ไม่ได้กำหนดให้ผู้เข้าร่วมค้ารายใดเป็นผู้ยื่นข้อเสนอ ผู้เข้าร่วมค้าทุกรายจะต้องลงลายมือชื่อในหนังสือมอบอำนาจให้ผู้เข้าร่วมค้ารายใดรายหนึ่งเป็นผู้ยื่นข้อเสนอในนามกิจการร่วมค้า										
26	Paragraph	30	3.11	3.11 ผู้ยื่นข้อเสนอต้องลงทะเบียนที่มีข้อมูลถูกต้องครบถ้วนในระบบจัดซื้อจัดจ้างภาครัฐด้วยอิเล็กทรอนิกส์ (Electronic Government Procurement: e-GP) ของกรมบัญชีกลาง										
27	Paragraph	31	3.12	3.12 สินค้าหรือบริการที่นำเสนอจะต้องได้รับการรับรองมาตรฐานด้านดิจิทัลตามที่สำนักงานส่งเสริมเศรษฐกิจดิจิทัลกำหนด										
28	Paragraph	32	3.13	3.13 สินค้าหรือบริการที่นำเสนอจะต้องขึ้นบัญชีบริการดิจิทัลของสำนักงานส่งเสริมเศรษฐกิจดิจิทัล เป็นพัสดุที่รัฐต้องส่งเสริมหรือสนับสนุน										
29	Paragraph	35	3.14	3.14 ผู้ยื่นข้อเสนอต้องมีมูลค่าสุทธิของกิจการ ดังนี้										
30	Paragraph	36	3.14(1)	(๑) กรณีผู้ยื่นข้อเสนอเป็นนิติบุคคลที่จัดตั้งขึ้นตามกฎหมายไทยซึ่งได้จดทะเบียนเกินกว่า ๑ ปี ต้องมีมูลค่าสุทธิของกิจการ จากผลต่างระหว่างสินทรัพย์สุทธิหักด้วยหนี้สินสุทธิ ที่ปรากฏในงบแสดงฐานะการเงินที่มีการตรวจรับรองแล้ว ซึ่งจะต้องแสดงค่าเป็นบวก ๑ ปีสุดท้ายก่อนวันยื่นข้อเสนอ										
31	Paragraph	37	3.14(2)	(๒) กรณีผู้ยื่นข้อเสนอเป็นนิติบุคคลที่จัดตั้งขึ้นตามกฎหมายไทย ซึ่งยังไม่มีการรายงานงบแสดงฐานะการเงินกับกรมพัฒนาธุรกิจการค้า ให้พิจารณาการกำหนดมูลค่าของทุนจดทะเบียน โดยผู้ยื่นข้อเสนอจะต้องมีทุนจดทะเบียนที่เรียกชำระมูลค่าหุ้นแล้ว ณ วันที่ยื่นข้อเสนอ ไม่ต่ำกว่า ๑ ล้านบาท										
32	Paragraph	38	3.14(3)	(๓) สำหรับการจัดซื้อจัดจ้างครั้งหนึ่งที่มีวงเงินเกิน ๕๐๐,๐๐๐ บาทขึ้นไป กรณีผู้ยื่นข้อเสนอเป็นบุคคลธรรมดา โดยพิจารณาจากหนังสือรับรองบัญชีเงินฝากไม่เกิน ๙๐ วันก่อนวันยื่นข้อเสนอ โดยต้องมีเงินฝากคงเหลือในบัญชีธนาคารเป็นมูลค่า ๑ ใน ๔ ของมูลค่างบประมาณของโครงการหรือรายการที่ยื่นข้อเสนอในแต่ละครั้ง และหากเป็นผู้ชนะการจัดซื้อจัดจ้างหรือเป็นผู้ได้รับการคัดเลือกจะต้องแสดงหนังสือรับรองบัญชีเงินฝากที่มีมูลค่าดังกล่าวอีกครั้งหนึ่งในวันลงนามในสัญญา										
33	Paragraph	39	3.14(4)	(๔) กรณีที่ผู้ยื่นข้อเสนอไม่มีมูลค่าสุทธิของกิจการหรือทุนจดทะเบียน หรือมีแต่ไม่เพียงพอที่จะเข้ายื่นข้อเสนอ ผู้ยื่นข้อเสนอสามารถขอวงเงินสินเชื่อ โดยต้องมีวงเงินสินเชื่อ ๑ ใน ๔ ของมูลค่างบประมาณของโครงการหรือรายการที่ยื่นข้อเสนอในแต่ละครั้ง (สินเชื่อที่ธนาคารภายในประเทศ หรือบริษัทเงินทุนหรือบริษัทเงินทุนหลักทรัพย์ที่ได้รับอนุญาตให้ประกอบกิจการเงินทุนเพื่อการพาณิชย์ และประกอบธุรกิจค้าประกันตามประกาศของธนาคารแห่งประเทศไทย ตามรายชื่อบริษัทเงินทุนที่ธนาคารแห่งประเทศไทยแจ้งเวียนให้ทราบ โดยพิจารณาจากยอดเงินรวมของวงเงินสินเชื่อที่สำนักงานใหญ่รับรองหรือที่สำนักงานสาขารับรอง (กรณีได้รับมอบอำนาจจากสำนักงานใหญ่) ซึ่งออกให้แก่ผู้ยื่นข้อเสนอ นับถึงวันยื่นข้อเสนอไม่เกิน ๙๐ วัน)										
34	Paragraph	40	3.14(5)	(๕) กรณีตาม (๑) - (๔) ยกเว้นสำหรับกรณีดังต่อไปนี้										
35	Paragraph	41		(๕.๑) กรณีที่ผู้ยื่นข้อเสนอเป็นหน่วยงานของรัฐ										
36	Paragraph	42		(๕.๒) นิติบุคคลที่จัดตั้งขึ้นตามกฎหมายไทยที่อยู่ระหว่างการฟื้นฟูกิจการตามพระราชบัญญัติล้มละลาย (ฉบับที่ ๑๐) พ.ศ. ๒๕๖๑										
37	Paragraph	44	4	4. รายละเอียดคุณลักษณะเฉพาะ										
38	Paragraph	45	4.1	4.1 Software ระบบ ERP ที่มีลิขสิทธิ์การใช้งานถูกต้องให้สามารถใช้งานได้อย่างมีประสิทธิภาพ										
39	Paragraph	46	4.1.1	4.1.1 สามารถปรับแต่งระบบให้สอดคล้องกับกฎหมาย ข้อบังคับ ระเบียบที่เกี่ยวข้อง และแนวปฏิบัติงานของหน่วยงาน รวมทั้งสามารถปรับแต่งระบบให้มีความสอดคล้องกับกระบวนงานที่ สกมช. ได้ออกแบบและพัฒนาต้นแบบไว้ โดยประกอบด้วยระบบงานย่อยอย่างน้อย ดังนี้										
40	Paragraph	47	4.1.1.1	4.1.1.1 ระบบบริการพนักงาน (Employee Self Service System)	Employee Self Service	ระบบบริการพนักงานสำหรับคำขอ/อนุมัติ/ติดตามสถานะ	มีบางส่วน	มี Employee/Expense Claim/Workflow/Notification และสร้าง DocType สำหรับคำขอได้	ต้องออกแบบคำขอเฉพาะราชการ เช่น ของบประมาณ ขออนุมัติดำเนินงาน ยืม/ส่งใช้เงินทดรอง ขอเบิกวัสดุ และ e-Signature	Medium	P1	M-L	https://docs.frappe.io/erpnext/v13/user/videos/learn/expense-claim; https://docs.frappe.io/erpnext/workflows	
41	Paragraph	48	4.1.1.2	4.1.1.2 ระบบงบประมาณ (Budgeting System)	Budgeting	ระบบงบประมาณ วางแผน ควบคุม ติดตามเบิกจ่าย	มีบางส่วน	มี Budget/Cost Center/Project และรายงานงบประมาณ	ต้อง custom โครงสร้างยุทธศาสตร์ แหล่งเงิน ปีงบประมาณ version งบประมาณ แผนจัดซื้อ และรายงานตามราชการ	High	P1	L	https://docs.frappe.io/erpnext/cost-center-and-budgeting	
42	Paragraph	49	4.1.1.3	4.1.1.3 ระบบบัญชีเจ้าหนี้ (Account Payable System)	Account Payable	บัญชีเจ้าหนี้และการจ่ายเงิน	มี	มี Supplier, Purchase Invoice, Payment Entry, AP aging/report, tax accounting	ต้องปรับ VAT/WHT ไทย, e-Payment bank format, เอกสารราชการ และ petty cash/advance flow	Medium	P1	M	https://docs.frappe.io/erpnext/accounts-receivable-and-payable; https://docs.frappe.io/erpnext/purchase-invoice	
43	Paragraph	50	4.1.1.4	4.1.1.4 ระบบบัญชีลูกหนี้ (Account Receivable System)	Account Receivable	บัญชีลูกหนี้และการรับเงิน	มี	มี Customer, Sales Invoice, Payment Entry, AR aging/report, tax accounting	ต้องเพิ่ม e-Tax/e-Receipt integration, หลักประกันไม่ใช่ตัวเงิน, รายงานเฉพาะราชการ	Medium	P1	M	https://docs.frappe.io/erpnext/sales-invoice; https://docs.frappe.io/erpnext/accounts-receivable-and-payable	
44	Paragraph	51	4.1.1.5	4.1.1.5 ระบบธนาคาร (Banking System)	Banking	เช็ค ธนาคาร กระทบยอด e-payment	มีบางส่วน	มี Bank Account, Payment Entry, bank reconciliation/payment reconciliation	ต้องทำทะเบียนเช็ค/เล่มเช็คตามหน่วยงาน และ export e-payment ตาม bank format	Medium	P1	M	https://docs.frappe.io/erpnext/process-payment-reconciliation-tool	
45	Paragraph	52	4.1.1.6	4.1.1.6 ระบบจัดซื้อจัดจ้าง (Purchase Order System)	Purchase Order / Procurement	ระบบจัดซื้อจัดจ้าง	มีบางส่วน	มี Buying flow: Material Request/RFQ/Supplier Quotation/PO/Receipt/Invoice	งานจัดซื้อจัดจ้างภาครัฐ เช่น e-GP, TOR, committee, contract, สขร.1 ต้อง custom มาก	High	P1	L-XL	https://docs.frappe.io/erpnext/buying; https://docs.frappe.io/erpnext/purchase-order	
46	Paragraph	53	4.1.1.7	4.1.1.7 ระบบบริหารวัสดุ (Inventory Control System)	Inventory Control	ระบบบริหารวัสดุ/คลัง	มี	มี Item, Warehouse, Stock Entry, Stock Transfer, Stock Reconciliation, stock reports	ต้องปรับเอกสารเบิกวัสดุ/อนุมัติ/รายงานรูปแบบราชการ	Low-Medium	P2	M	https://docs.frappe.io/erpnext/stock-transactions	
47	Paragraph	54	4.1.1.8	4.1.1.8 ระบบทรัพย์สิน (Fixed Asset System)	Fixed Asset	ทรัพย์สิน/ครุภัณฑ์/ค่าเสื่อม	มีบางส่วน	มี Asset, acquisition, depreciation, disposal และรายงาน asset	ต้องเพิ่มรหัสสำนักงบประมาณ, ต่ำกว่าเกณฑ์, QR/mobile count, history ตามราชการ	Medium-High	P1	L	https://docs.frappe.io/erpnext/asset	
48	Paragraph	55	4.1.1.9	4.1.1.9 ระบบบัญชีแยกประเภท (General Ledger System)	General Ledger	บัญชีแยกประเภท GL	มี	มี Chart of Accounts, Journal Entry, General Ledger, Trial Balance, Balance Sheet/P&L	ต้องทำผังบัญชี/รายงานราชการ และ integration/export GFMIS	Medium	P1	M-L	https://docs.frappe.io/erpnext/general-ledger; https://docs.frappe.io/erpnext/journal-entry; https://docs.frappe.io/erpnext/accounting-reports	
49	Paragraph	56	4.1.1.10	4.1.1.10 ระบบการรายงานสำหรับผู้บริหาร (Dashboard)	Dashboard	Dashboard ผู้บริหาร realtime web/mobile	มีบางส่วน	มี Dashboard/Workspace/Report และข้อมูลจาก ERP เดียวกัน	ต้องออกแบบ KPI ภาครัฐ งบประมาณ บัญชี การเงิน พัสดุ และ mobile view	Medium	P2	M	https://docs.frappe.io/erpnext/introduction	
50	Paragraph	57	4.1.2	4.1.2 ติดตั้งและพัฒนาระบบ ERP ของหน่วยงาน พร้อมทั้งทดสอบการทำงานของระบบ และปรับแต่งการทำงานและเงื่อนไขต่าง ๆ ให้เป็นไปตามกระบวนการงานปฏิบัติงานที่ออกแบบไว้ รวมถึงการเชื่อมโยงกับระบบงานอื่นของที่เกี่ยวข้อง เพื่อให้สามารถใช้งานระบบได้อย่างมีประสิทธิภาพ	Implementation	ติดตั้ง/พัฒนา/ทดสอบ/ปรับแต่ง/เชื่อมโยงระบบอื่น	ต้องทำเพิ่ม	Frappe รองรับ custom app, API, hooks, integration	ต้องเป็นงาน implementation project โดยทีมผู้ติดตั้ง ไม่ใช่ฟีเจอร์สำเร็จรูปอย่างเดียว	Medium	P1	L	https://docs.frappe.io/framework/user/en/api/rest	
51	Paragraph	58	4.1.3	4.1.3 ทำการทดสอบการใช้งานระบบ ERP โดยผู้ใช้งานจริง (User Acceptance Test)	UAT	ทดสอบโดยผู้ใช้งานจริง UAT	ต้องทำเพิ่ม	รองรับ environment/test process ได้	ต้องวาง UAT script, sign-off, issue tracking	Low	P1	M		
52	Paragraph	59	4.1.4	4.1.4 จัดอบรมการใช้งานระบบ ERP (Training) ให้กับเจ้าหน้าที่ของหน่วยงาน	Training	อบรมผู้ใช้งาน	ต้องทำเพิ่ม	มีคู่มือ online เป็นฐาน	ต้องจัดอบรมตาม role ภาษาไทย และคู่มือเฉพาะระบบ	Low	P1	M		
53	Paragraph	60	4.1.5	4.1.5 ตรวจทานข้อมูลพื้นฐาน (Master File) และข้อมูลยอดยกมา (Opening Balance) ก่อนนำข้อมูลดังกล่าวเข้าระบบ ERP	Data Migration	ตรวจ master/opening balance ก่อนนำเข้า	ต้องทำเพิ่ม	มี Data Import และ opening tools ใน ERPNext	ต้อง map Phoenix data, cleanse, trial migration, reconcile	High	P1	L		
54	Paragraph	61	4.1.6	4.1.6 ดำเนินการขึ้นระบบ ERP (Go live) และจะต้องจัดให้มีทีมสนับสนุน สำหรับให้คำปรึกษา แนะนำ ในการใช้งานระบบ ERP แก่เจ้าหน้าที่ของหน่วยงาน เป็นระยะเวลาไม่น้อยกว่า ๑ เดือน	Go Live Support	Go-live และ support อย่างน้อย 1 เดือน	ต้องทำเพิ่ม	เป็น scope บริการ	ต้องจัดทีม onsite/remote และ SLA	Medium	P1	M		
55	Paragraph	62	4.1.7	4.1.7 จะต้องมีทีมสนับสนุน (Help Desk) สำหรับให้คำปรึกษา แนะนำ ในการใช้งานระบบ ERP แก่เจ้าหน้าที่ของหน่วยงาน โดยให้คำปรึกษาผ่านทางโทรศัพท์ E-mail หรือการ Remote	Help Desk	Help Desk โทรศัพท์/E-mail/Remote	ต้องทำเพิ่ม	เป็น scope บริการ	ต้องกำหนด SLA, channel, ticket log	Medium	P1	M		
56	Paragraph	64	4.2	4.2 คุณลักษณะทั่วไปของระบบ ERP จะต้องมีคุณลักษณะทั่วไปของระบบอย่างน้อยดังนี้										
57	Paragraph	65	4.2.1	4.2.1 ระบบสามารถรองรับการทำงานได้พร้อมกัน (Concurrent multi-users)	General	รองรับ concurrent multi-users	มี	Web-based ERP ใช้งานหลายผู้ใช้พร้อมกันได้	ต้อง sizing server/database สำหรับ 125 users	Medium	P1	M	https://docs.frappe.io/erpnext/introduction	
58	Paragraph	66	4.2.2	4.2.2 ระบบสามารถกำหนดบทบาทและกำหนดสิทธิ์การใช้งานได้	Security	กำหนดบทบาทและสิทธิ์การใช้งาน	มี	มี User/Role/Permission	ต้องออกแบบ role matrix ตามหน่วยงาน	Low	P1	M	https://docs.frappe.io/erpnext/adding-users	
59	Paragraph	67	4.2.3	4.2.3 ระบบจะต้องรองรับการทำงานร่วมกับระบบจัดการฐานข้อมูลแบบเชิงสัมพันธ์ (Relational Database Model) และทุกระบบงานต้องเชื่อมโยง (Integrated) ถึงกันโดยใช้ระบบฐานข้อมูลกลางร่วมกัน	Architecture	ใช้ relational database และฐานข้อมูลกลาง integrated	มี	Frappe/ERPNext ใช้ database กลางและเอกสารเชื่อมกัน	ต้องออกแบบ integration/migration ให้ครบ	Medium	P1	M	https://docs.frappe.io/erpnext/introduction	
60	Paragraph	68	4.2.4	4.2.4 ระบบมีการจัดเก็บบันทึกกิจกรรม (Log) ต่าง ๆ ที่เกิดขึ้นในระบบ เพื่อใช้ในการตรวจสอบได้ เมื่อต้องการ	Audit	จัดเก็บ log/audit เพื่อตรวจสอบ	มีบางส่วน	มี document version/history และ activity ตามเอกสาร	ต้องกำหนด audit retention/report ตาม TOR และ policy หน่วยงาน	Medium	P1	M		
61	Paragraph	69	4.2.5	4.2.5 ระบบรองรับการใช้งานภาษาไทย และรองรับการบันทึกข้อมูล ค้นหาข้อมูล	Localization	ภาษาไทย บันทึกและค้นหาข้อมูลไทย	มีบางส่วน	รองรับ Unicode/translation/custom labels	ต้องแปลเมนู/เอกสาร/รายงาน และทดสอบ search ภาษาไทย	Medium	P1	M		
62	Paragraph	70	4.2.6	4.2.6 รองรับการแสดงผลบนอุปกรณ์ที่มีความหลากหลาย สำหรับกลุ่มโปรแกรมที่ใช้ในการอนุมัติงานเอกสารในระบบโดยผู้บริหาร และโปรแกรมที่เป็นลักษณะการบันทึกเพื่อขอบริการต่าง ๆ ของหน่วยงาน	Responsive	รองรับหลายอุปกรณ์สำหรับ approval/request	มีบางส่วน	Web UI ใช้งานผ่าน browser และมี responsive บางส่วน	ต้องทดสอบ mobile workflow และปรับ form ที่ใช้จริง	Medium	P2	M		
63	Paragraph	71	4.2.7	4.2.7 ระบบสามารถส่งคำขออนุมัติต่าง ๆ ให้ผู้ที่เกี่ยวข้องกับการดำเนินงานในกระบวนงานผ่านระบบ Workflow และแจ้งเตือน (Notification) ผู้ที่เกี่ยวข้องผ่านหน้าจอของระบบ โดยสามารถแสดงให้เห็นเมื่อผู้ใช้งานที่เกี่ยวข้องทำการ Login เข้าระบบแล้ว และมีการแจ้งเตือน (Notification)	Workflow/Notification	ส่งคำขออนุมัติผ่าน workflow และ notification	มี	มี Workflow, Workflow Action, Notification	ต้อง configure approval matrix และ notification template	Low-Medium	P1	M	https://docs.frappe.io/erpnext/workflows; https://docs.frappe.io/erpnext/notifications	
64	Paragraph	72	4.2.8	4.2.8 ระบบสามารถส่งออก (Export) รายงานในรูปแบบของไฟล์อิเล็กทรอนิกส์ ได้แก่ PDF, Excel, Word ได้เป็นอย่างน้อย	Export	Export รายงาน PDF/Excel/Word	มีบางส่วน	ERPNext รองรับ print/PDF และ export Excel/CSV เป็นหลัก	Word export อาจต้อง custom template/export	Medium	P2	M		
65	Paragraph	73	4.2.9	4.2.9 ระบบงานต่าง ๆ ที่เป็นกระบวนการทำงาน (Business Process) ที่ต่อเนื่องกันสามารถเชื่อมโยงการทำงานและการแลกเปลี่ยนข้อมูลของแต่ละระบบ ระหว่างกันได้ บนระบบฐานข้อมูลกลางร่วมกัน	Integration	Business process เชื่อมโยงกันด้วยฐานข้อมูลกลาง	มี	เอกสารเชื่อมต่อกัน เช่น PO -> Receipt -> Invoice -> Payment -> GL	ต้อง fit-gap flow ราชการและ custom links	Medium	P1	M	https://docs.frappe.io/erpnext/v13/user/videos/learn/purchase-cycle; https://docs.frappe.io/erpnext/general-ledger	
66	Paragraph	74	4.2.10	4.2.10 ระบบรองรับการอนุมัติรายการและรองรับการลงลายมือชื่ออิเล็กทรอนิกส์ (e-Signature) ตามมาตรา 9 หรือ 26 หรือ 28 ของ พ.ร.บ.ว่าด้วยธุรกรรมทางอิเล็กทรอนิกส์ฯ	e-Signature	อนุมัติและรองรับ e-Signature ตามกฎหมายไทย	มีบางส่วน	มี workflow/approval และสามารถแนบ/เชื่อมบริการภายนอกได้	ต้อง integrate e-sign provider/PKI และออกแบบหลักฐานตาม พ.ร.บ. ธุรกรรมฯ	High	P1	L		
67	Paragraph	76	4.3	4.3 คุณลักษณะเฉพาะและความสามารถของระบบต่าง ๆ ที่เกี่ยวข้องระบบ ERP แต่ละระบบงานจะต้องมีความสามารถของระบบอย่างน้อย ดังนี้										
68	Paragraph	77	4.3.1	4.3.1 ระบบบริการพนักงาน (Employee Self Service System) เป็นที่ช่วยสนับสนุนการทำงานของผู้ใช้งานในการจัดทำคำขอต่าง ๆ โดยระบบจะมีขอบเขตหรือความสามารถต่าง ๆ ดังนี้										
69	Paragraph	78	4.3.1(1)	(1) สามารถบันทึกคำของบประมาณ ขออนุมัติดำเนินงาน ขอเบิกเงิน ขอยืมเงินทดรองจ่าย ส่งใช้เงินยืมทดรองจ่าย แจ้งความประสงค์ และขอเบิกวัสดุได้	Employee Self Service	บันทึกคำของบประมาณ/ขออนุมัติ/ขอเบิก/ยืมเงิน/ส่งใช้เงินยืม/แจ้งความประสงค์/ขอเบิกวัสดุ	มีบางส่วน	มี Expense Claim, Employee Advance concept, Material Request/Stock Request และ custom DocType ได้	ต้อง custom request portal รวมหลายประเภทคำขอ	Medium	P1	M-L	https://docs.frappe.io/erpnext/v13/user/videos/learn/expense-claim; https://docs.frappe.io/erpnext/workflows	
70	Paragraph	79	4.3.1(2)	(2) สามารถติดตามสถานะคำขอได้แบบ Real time และสามารถตรวจสอบสถานะเอกสาร อยู่ในระหว่างขั้นตอนการดำเนินงานใด	Employee Self Service	ติดตามสถานะคำขอ realtime และขั้นตอนเอกสาร	มี	มี workflow state/status ในเอกสาร	ต้องออกแบบสถานะภาษาไทยและ dashboard คำขอ	Medium	P1	M-L	https://docs.frappe.io/erpnext/v13/user/videos/learn/expense-claim; https://docs.frappe.io/erpnext/workflows	
71	Paragraph	80	4.3.1(3)	(3) สามารถแจ้งเตือน (Notification) ผู้ที่เกี่ยวข้องกับการดำเนินงานในกระบวนการต่าง ๆ ได้	Employee Self Service	แจ้งเตือนผู้เกี่ยวข้อง	มี	มี Notification/Email/Workflow Action	ต้อง configure rule/template	Medium	P1	M-L	https://docs.frappe.io/erpnext/v13/user/videos/learn/expense-claim; https://docs.frappe.io/erpnext/workflows	
72	Paragraph	81	4.3.1(4)	(4) สามารถอนุมัติรายการและรองรับการลงลายมือชื่ออิเล็กทรอนิกส์ (e-Signature) ตามมาตรา 9 หรือ 26 หรือ 28 ของ พ.ร.บ.ว่าด้วยธุรกรรมทางอิเล็กทรอนิกส์ฯ	Employee Self Service	อนุมัติและ e-Signature	มีบางส่วน	มี Workflow approval	ต้อง integrate e-Signature ตามกฎหมายไทย	High	P1	M-L	https://docs.frappe.io/erpnext/v13/user/videos/learn/expense-claim; https://docs.frappe.io/erpnext/workflows	
73	Paragraph	82	4.3.2	4.3.2 ระบบงบประมาณ (Budgeting System) เป็นระบบที่ใช้วางแผน ควบคุมการเบิกจ่ายเงินงบประมาณของหน่วยงาน โดยมีกระบวนการตั้งแต่การจัดทำคำของบประมาณ ปรับโอนงบประมาณ ติดตามผลการเบิกจ่ายเงิน โดยระบบจะมีขอบเขตหรือความสามารถต่าง ๆ ดังนี้										
74	Paragraph	83	4.3.2(1)	(1) สามารถกำหนดแหล่งเงินได้ และยุทธศาสตร์ได้	Budgeting	กำหนดแหล่งเงินและยุทธศาสตร์	ต้องทำเพิ่ม	มี Budget, Cost Center, Project, Fiscal Year และ dimension ทางบัญชีบางส่วน	ต้องสร้าง budget request/workflow/version/strategic hierarchy/procurement plan และรายงานราชการ	High	P1	L	https://docs.frappe.io/erpnext/cost-center-and-budgeting	
75	Paragraph	84	4.3.2(2)	(2) สามารถกำหนดยุทธศาสตร์ได้ทุกประเภท และไม่จำกัดลำดับชั้น	Budgeting	กำหนดยุทธศาสตร์ทุกประเภทและไม่จำกัดลำดับชั้น	ต้องทำเพิ่ม	มี Budget, Cost Center, Project, Fiscal Year และ dimension ทางบัญชีบางส่วน	ต้องสร้าง budget request/workflow/version/strategic hierarchy/procurement plan และรายงานราชการ	High	P1	L	https://docs.frappe.io/erpnext/cost-center-and-budgeting	
76	Paragraph	85	4.3.2(3)	(3) สามารถกำหนดรูปแบบและรอบระยะเวลาของปีงบประมาณ	Budgeting	กำหนดรูปแบบและรอบปีงบประมาณ	มีบางส่วน	มี Budget, Cost Center, Project, Fiscal Year และ dimension ทางบัญชีบางส่วน	ต้องสร้าง budget request/workflow/version/strategic hierarchy/procurement plan และรายงานราชการ	High	P1	L	https://docs.frappe.io/erpnext/cost-center-and-budgeting	
77	Paragraph	86	4.3.2(4)	(4) สามารถกำหนดโครงสร้างของประเภทรายจ่าย และการถัวจ่ายงบประมาณ	Budgeting	กำหนดโครงสร้างประเภทรายจ่ายและการถัวจ่าย	ต้องทำเพิ่ม	มี Budget, Cost Center, Project, Fiscal Year และ dimension ทางบัญชีบางส่วน	ต้องสร้าง budget request/workflow/version/strategic hierarchy/procurement plan และรายงานราชการ	High	P1	L	https://docs.frappe.io/erpnext/cost-center-and-budgeting	
78	Paragraph	87	4.3.2(5)	(5) สามารถจัดทำผังยุทธศาสตร์ประจำปี และบันทึกรายการจัดทำคำของบประมาณ	Budgeting	จัดทำผังยุทธศาสตร์ประจำปีและคำของบประมาณ	ต้องทำเพิ่ม	มี Budget, Cost Center, Project, Fiscal Year และ dimension ทางบัญชีบางส่วน	ต้องสร้าง budget request/workflow/version/strategic hierarchy/procurement plan และรายงานราชการ	High	P1	L	https://docs.frappe.io/erpnext/cost-center-and-budgeting	
79	Paragraph	88	4.3.2(6)	(6) สามารถจัดเก็บคำของบประมาณได้หลาย Version	Budgeting	จัดเก็บคำของบประมาณหลาย Version	ต้องทำเพิ่ม	มี Budget, Cost Center, Project, Fiscal Year และ dimension ทางบัญชีบางส่วน	ต้องสร้าง budget request/workflow/version/strategic hierarchy/procurement plan และรายงานราชการ	High	P1	L	https://docs.frappe.io/erpnext/cost-center-and-budgeting	
80	Paragraph	89	4.3.2(7)	(7) สามารถจัดเก็บข้อมูลและเรียกดูข้อมูลงบประมาณรายจ่าย และงบประมาณประจำปี ที่ได้รับจัดสรรของหน่วยงานในแต่ละปี โดยแยกตาม โครงการ/กิจกรรม/แหล่งเงิน/ประเภทรายจ่าย และในมิติต่าง ๆ ตามที่กำหนด	Budgeting	เรียกดูงบตามโครงการ/กิจกรรม/แหล่งเงิน/ประเภทรายจ่าย/มิติ	มีบางส่วน	มี Budget, Cost Center, Project, Fiscal Year และ dimension ทางบัญชีบางส่วน	ต้องสร้าง budget request/workflow/version/strategic hierarchy/procurement plan และรายงานราชการ	High	P1	L	https://docs.frappe.io/erpnext/cost-center-and-budgeting	
81	Paragraph	90	4.3.2(8)	(8) สามารถบันทึกรายการปรับโอน เพิ่ม ลด งบประมาณ	Budgeting	บันทึกปรับโอน เพิ่ม ลด งบประมาณ	มีบางส่วน	มี Budget, Cost Center, Project, Fiscal Year และ dimension ทางบัญชีบางส่วน	ต้องสร้าง budget request/workflow/version/strategic hierarchy/procurement plan และรายงานราชการ	High	P1	L	https://docs.frappe.io/erpnext/cost-center-and-budgeting	
82	Paragraph	91	4.3.2(9)	(9) สามารถบันทึกแผนการใช้จ่ายเงินได้	Budgeting	บันทึกแผนการใช้จ่ายเงิน	ต้องทำเพิ่ม	มี Budget, Cost Center, Project, Fiscal Year และ dimension ทางบัญชีบางส่วน	ต้องสร้าง budget request/workflow/version/strategic hierarchy/procurement plan และรายงานราชการ	High	P1	L	https://docs.frappe.io/erpnext/cost-center-and-budgeting	
83	Paragraph	92	4.3.2(10)	(10) สามารถบันทึกแผนและรายงานผลการเบิกจ่ายเงินของโครงการและกิจกรรมได้	Budgeting	บันทึกแผนและรายงานผลเบิกจ่ายโครงการ/กิจกรรม	ต้องทำเพิ่ม	มี Budget, Cost Center, Project, Fiscal Year และ dimension ทางบัญชีบางส่วน	ต้องสร้าง budget request/workflow/version/strategic hierarchy/procurement plan และรายงานราชการ	High	P1	L	https://docs.frappe.io/erpnext/cost-center-and-budgeting	
84	Paragraph	93	4.3.2(11)	(11) สามารถบันทึกแผนจัดซื้อจัดจ้างตั้งแต่ขั้นตอนการจัดทำคำของบประมาณได้	Budgeting	บันทึกแผนจัดซื้อจัดจ้างตั้งแต่คำของบประมาณ	ต้องทำเพิ่ม	มี Budget, Cost Center, Project, Fiscal Year และ dimension ทางบัญชีบางส่วน	ต้องสร้าง budget request/workflow/version/strategic hierarchy/procurement plan และรายงานราชการ	High	P1	L	https://docs.frappe.io/erpnext/cost-center-and-budgeting	
85	Paragraph	94	4.3.2(12)	(12) แสดงข้อมูลและจัดทำรายงานต่าง ๆ เช่น รายงานคำของบประมาณ รายงานงบประมาณคงเหลือ ทั้งนี้ยังสามารถกำหนดรูปแบบการนำข้อมูลออก (Export) ในรูปแบบของไฟล์ PDF, Excel, Word ได้เป็นอย่างน้อย	Budgeting	รายงานคำของบประมาณ/งบคงเหลือ export PDF Excel Word	ต้องทำเพิ่ม	มี Budget, Cost Center, Project, Fiscal Year และ dimension ทางบัญชีบางส่วน	ต้องสร้าง budget request/workflow/version/strategic hierarchy/procurement plan และรายงานราชการ	High	P1	L	https://docs.frappe.io/erpnext/cost-center-and-budgeting	
86	Paragraph	95	4.3.2(13)	(13) สามารถเรียกดูทะเบียนงบประมาณ ณ วันที่ใดวันที่หนึ่ง หรือตามเงื่อนไขที่กำหนดได้ เช่น โครงการ กิจกรรม ปีงบประมาณ แหล่งเงิน เป็นต้น	Budgeting	เรียกดูทะเบียนงบประมาณตามวันที่หรือเงื่อนไข	มีบางส่วน	มี Budget, Cost Center, Project, Fiscal Year และ dimension ทางบัญชีบางส่วน	ต้องสร้าง budget request/workflow/version/strategic hierarchy/procurement plan และรายงานราชการ	High	P1	L	https://docs.frappe.io/erpnext/cost-center-and-budgeting	
87	Paragraph	96	4.3.3	4.3.3 ระบบบัญชีเจ้าหนี้ (Account Payable System) เป็นระบบสำหรับจัดการบริหารบัญชีเจ้าหนี้ ระบบจะทำการเก็บบันทึกข้อมูลธุรกรรมทางการเงิน โดยระบบจะมีขอบเขตหรือความสามารถต่าง ๆ ดังนี้										
88	Paragraph	97	4.3.3(1)	(1) สามารถกำหนดรหัสเจ้าหนี้ รหัสค่าใช้จ่าย และวิธีการชำระเงินได้	Account Payable	กำหนดรหัสเจ้าหนี้ รหัสค่าใช้จ่าย วิธีชำระเงิน	มี	มี Supplier, Purchase Invoice, Payment Entry, tax/accounting reports, workflow	ต้อง configure AP flow และ custom VAT/WHT/e-payment/report ตามไทย	Medium	P1	M	https://docs.frappe.io/erpnext/purchase-invoice; https://docs.frappe.io/erpnext/accounts-receivable-and-payable	
89	Paragraph	98	4.3.3(2)	(2) กำหนดรอบระยะเวลาการเงิน ให้เป็นไปตามความต้องการได้ และสามารถเปิด-ปิดรอบระยะเวลาการเงินได้	Account Payable	กำหนดรอบระยะเวลาการเงินและเปิด-ปิดรอบ	มีบางส่วน	มี Supplier, Purchase Invoice, Payment Entry, tax/accounting reports, workflow	ต้อง configure AP flow และ custom VAT/WHT/e-payment/report ตามไทย	Medium	P1	M	https://docs.frappe.io/erpnext/purchase-invoice; https://docs.frappe.io/erpnext/accounts-receivable-and-payable	
90	Paragraph	99	4.3.3(3)	(3) สามารถกำหนดรหัสสำหรับเอกสารการจ่ายเงินได้	Account Payable	กำหนดรหัสเอกสารการจ่ายเงิน	มี	มี Supplier, Purchase Invoice, Payment Entry, tax/accounting reports, workflow	ต้อง configure AP flow และ custom VAT/WHT/e-payment/report ตามไทย	Medium	P1	M	https://docs.frappe.io/erpnext/purchase-invoice; https://docs.frappe.io/erpnext/accounts-receivable-and-payable	
91	Paragraph	100	4.3.3(4)	(4) มีการอนุมัติเมื่อมีการสร้างข้อมูลเจ้าหนี้ ก่อนจึงสามารถนำรหัสเจ้าหนี้ไปใช้ในการบันทึกรายการในหน้าจออื่น ๆ ได้	Account Payable	อนุมัติ master เจ้าหนี้ก่อนใช้งาน	มีบางส่วน	มี Supplier, Purchase Invoice, Payment Entry, tax/accounting reports, workflow	ต้อง configure AP flow และ custom VAT/WHT/e-payment/report ตามไทย	Medium	P1	M	https://docs.frappe.io/erpnext/purchase-invoice; https://docs.frappe.io/erpnext/accounts-receivable-and-payable	
92	Paragraph	101	4.3.3(5)	(5) เจ้าหนี้หนึ่งราย สามารถบันทึกบัญชีเจ้าหนี้ได้หลายประเภท	Account Payable	เจ้าหนี้หนึ่งรายมีบัญชีเจ้าหนี้หลายประเภท	มีบางส่วน	มี Supplier, Purchase Invoice, Payment Entry, tax/accounting reports, workflow	ต้อง configure AP flow และ custom VAT/WHT/e-payment/report ตามไทย	Medium	P1	M	https://docs.frappe.io/erpnext/purchase-invoice; https://docs.frappe.io/erpnext/accounts-receivable-and-payable	
93	Paragraph	102	4.3.3(6)	(6) สามารถบันทึกรายการขอเบิกเงิน ขอยืมเงินทดรองจ่าย และรายการส่งใช้เงินยืมทดรองจ่าย	Account Payable	บันทึกขอเบิก/ยืม/ส่งใช้เงินยืม	มีบางส่วน	มี Supplier, Purchase Invoice, Payment Entry, tax/accounting reports, workflow	ต้อง configure AP flow และ custom VAT/WHT/e-payment/report ตามไทย	Medium	P1	M	https://docs.frappe.io/erpnext/purchase-invoice; https://docs.frappe.io/erpnext/accounts-receivable-and-payable	
94	Paragraph	103	4.3.3(7)	(7) คำขอเบิก 1 รายการ สามารถเบิกจ่ายให้กับผู้รับเงินหลายคนได้	Account Payable	คำขอเบิก 1 รายการจ่ายให้หลายคน	ต้องทำเพิ่ม	มี Supplier, Purchase Invoice, Payment Entry, tax/accounting reports, workflow	ต้อง configure AP flow และ custom VAT/WHT/e-payment/report ตามไทย	High	P1	M	https://docs.frappe.io/erpnext/purchase-invoice; https://docs.frappe.io/erpnext/accounts-receivable-and-payable	
95	Paragraph	104	4.3.3(8)	(8) สามารถบันทึกรายการตั้งหนี้ และบันทึกบัญชีได้โดยอัตโนมัติ	Account Payable	ตั้งหนี้และลงบัญชีอัตโนมัติ	มี	มี Supplier, Purchase Invoice, Payment Entry, tax/accounting reports, workflow	ต้อง configure AP flow และ custom VAT/WHT/e-payment/report ตามไทย	Medium	P1	M	https://docs.frappe.io/erpnext/purchase-invoice; https://docs.frappe.io/erpnext/accounts-receivable-and-payable	
96	Paragraph	105	4.3.3(9)	(9) สามารถบันทึกรายการจ่ายเงินต่าง ๆ ได้ และสามารถเลือกวิธีการจ่ายชำระเงิน โดย เงินสด เช็ค โอนบัญชีธนาคาร และ e-Payment	Account Payable	จ่ายเงินสด เช็ค โอน e-Payment	มีบางส่วน	มี Supplier, Purchase Invoice, Payment Entry, tax/accounting reports, workflow	ต้อง configure AP flow และ custom VAT/WHT/e-payment/report ตามไทย	Medium	P1	M	https://docs.frappe.io/erpnext/purchase-invoice; https://docs.frappe.io/erpnext/accounts-receivable-and-payable	
97	Paragraph	106	4.3.3(10)	(10) สามารถบันทึกรายงานภาษีซื้อ และรายการนำส่งภาษีมูลค่าเพิ่ม	Account Payable	บันทึกรายงานภาษีซื้อและ VAT	มีบางส่วน	มี Supplier, Purchase Invoice, Payment Entry, tax/accounting reports, workflow	ต้อง configure AP flow และ custom VAT/WHT/e-payment/report ตามไทย	Medium	P1	M	https://docs.frappe.io/erpnext/purchase-invoice; https://docs.frappe.io/erpnext/accounts-receivable-and-payable	
98	Paragraph	107	4.3.3(11)	(11) สามารถบันทึกรายการนำส่งภาษีหัก ณ ที่จ่าย	Account Payable	บันทึกภาษีหัก ณ ที่จ่าย	มีบางส่วน	มี Supplier, Purchase Invoice, Payment Entry, tax/accounting reports, workflow	ต้อง configure AP flow และ custom VAT/WHT/e-payment/report ตามไทย	Medium	P1	M	https://docs.frappe.io/erpnext/purchase-invoice; https://docs.frappe.io/erpnext/accounts-receivable-and-payable	
99	Paragraph	108	4.3.3(12)	(12) สามารถส่งออกข้อมูลไฟล์ ภาษีหัก ณ ที่จ่าย และภาษีมูลค่าเพิ่ม ในรูปแบบที่สามารถนำส่งภาษีออนไลน์ให้กับกรมสรรพากรได้	Account Payable	ส่งออก WHT/VAT เพื่อนำส่งออนไลน์กรมสรรพากร	ต้องทำเพิ่ม	มี Supplier, Purchase Invoice, Payment Entry, tax/accounting reports, workflow	ต้อง configure AP flow และ custom VAT/WHT/e-payment/report ตามไทย	High	P1	M	https://docs.frappe.io/erpnext/purchase-invoice; https://docs.frappe.io/erpnext/accounts-receivable-and-payable	
100	Paragraph	109	4.3.3(13)	(13) สามารถแจ้งเตือน (Notification) ผู้ที่เกี่ยวข้องกับการดำเนินงานในกระบวนการต่าง ๆ ได้	Account Payable	แจ้งเตือนผู้เกี่ยวข้อง	มี	มี Supplier, Purchase Invoice, Payment Entry, tax/accounting reports, workflow	ต้อง configure AP flow และ custom VAT/WHT/e-payment/report ตามไทย	Medium	P1	M	https://docs.frappe.io/erpnext/purchase-invoice; https://docs.frappe.io/erpnext/accounts-receivable-and-payable	
101	Paragraph	110	4.3.3(14)	(14) สามารถตรวจสอบสถานะเอกสาร อยู่ในระหว่างขั้นตอนการดำเนินงานใด	Account Payable	ตรวจสถานะเอกสาร	มี	มี Supplier, Purchase Invoice, Payment Entry, tax/accounting reports, workflow	ต้อง configure AP flow และ custom VAT/WHT/e-payment/report ตามไทย	Medium	P1	M	https://docs.frappe.io/erpnext/purchase-invoice; https://docs.frappe.io/erpnext/accounts-receivable-and-payable	
102	Paragraph	111	4.3.3(15)	(15) แสดงข้อมูลและจัดทำรายงานต่าง ๆ เช่น รายงานการเคลื่อนไหวเจ้าหนี้ รายงานเจ้าหนี้คงค้าง ทั้งนี้ยังสามารถกำหนดรูปแบบการนำข้อมูลออก (Export) ในรูปแบบของไฟล์ PDF, Excel, Word ได้เป็นอย่างน้อย	Account Payable	รายงาน AP movement/outstanding export	มีบางส่วน	มี Supplier, Purchase Invoice, Payment Entry, tax/accounting reports, workflow	ต้อง configure AP flow และ custom VAT/WHT/e-payment/report ตามไทย	Medium	P1	M	https://docs.frappe.io/erpnext/purchase-invoice; https://docs.frappe.io/erpnext/accounts-receivable-and-payable	
103	Paragraph	113	4.3.4	4.3.4 ระบบบัญชีลูกหนี้ (Account Receivable System) เป็นระบบสำหรับจัดการบริหารบัญชีลูกหนี้ ระบบจะทำการเก็บบันทึกข้อมูลธุรกรรมทางการเงิน โดยระบบจะมีขอบเขตหรือความสามารถต่าง ๆ ดังนี้										
104	Paragraph	114	4.3.4(1)	(1) สามารถกำหนดรหัสลูกหนี้ รหัสรายได้ และวิธีการรับชำระเงินได้	Account Receivable	กำหนดรหัสลูกหนี้ รหัสรายได้ วิธีรับชำระเงิน	มี	มี Customer, Sales Invoice, Payment Entry, AR aging, accounting posting	ต้อง configure AR flow และ custom guarantee/e-Tax/report ตามไทย	Medium	P1	M-L	https://docs.frappe.io/erpnext/sales-invoice; https://docs.frappe.io/erpnext/accounts-receivable-and-payable	
105	Paragraph	115	4.3.4(2)	(2) ลูกหนี้หนึ่งราย สามารถบันทึกบัญชีลูกหนี้ได้หลายประเภท	Account Receivable	ลูกหนี้หนึ่งรายมีบัญชีลูกหนี้หลายประเภท	มีบางส่วน	มี Customer, Sales Invoice, Payment Entry, AR aging, accounting posting	ต้อง configure AR flow และ custom guarantee/e-Tax/report ตามไทย	Medium	P1	M-L	https://docs.frappe.io/erpnext/sales-invoice; https://docs.frappe.io/erpnext/accounts-receivable-and-payable	
106	Paragraph	116	4.3.4(3)	(3) สามารถกำหนดรหัสสำหรับเอกสารการรับเงินได้	Account Receivable	กำหนดรหัสเอกสารการรับเงิน	มี	มี Customer, Sales Invoice, Payment Entry, AR aging, accounting posting	ต้อง configure AR flow และ custom guarantee/e-Tax/report ตามไทย	Medium	P1	M-L	https://docs.frappe.io/erpnext/sales-invoice; https://docs.frappe.io/erpnext/accounts-receivable-and-payable	
107	Paragraph	117	4.3.4(4)	(4) สามารถบันทึกรายการรับเงินต่าง ๆ ได้ และสามารถเลือกวิธีการรับชำระเงินโดย เงินสด เช็ค โอนบัญชีธนาคาร และบัตรเครดิต	Account Receivable	รับเงินสด เช็ค โอน บัตรเครดิต	มีบางส่วน	มี Customer, Sales Invoice, Payment Entry, AR aging, accounting posting	ต้อง configure AR flow และ custom guarantee/e-Tax/report ตามไทย	Medium	P1	M-L	https://docs.frappe.io/erpnext/sales-invoice; https://docs.frappe.io/erpnext/accounts-receivable-and-payable	
108	Paragraph	118	4.3.4(5)	(5) สามารถบันทึกรับหลักประกันที่ไม่ใช่ตัวเงินได้ เช่น หนังสือค้ำประกัน พันธบัตรรัฐบาล	Account Receivable	รับหลักประกันไม่ใช่ตัวเงิน เช่น หนังสือค้ำประกัน/พันธบัตร	ต้องทำเพิ่ม	มี Customer, Sales Invoice, Payment Entry, AR aging, accounting posting	ต้อง configure AR flow และ custom guarantee/e-Tax/report ตามไทย	High	P1	M-L	https://docs.frappe.io/erpnext/sales-invoice; https://docs.frappe.io/erpnext/accounts-receivable-and-payable	
109	Paragraph	119	4.3.4(6)	(6) สามารถบันทึกรายงานภาษีขายได้	Account Receivable	บันทึกรายงานภาษีขาย	มีบางส่วน	มี Customer, Sales Invoice, Payment Entry, AR aging, accounting posting	ต้อง configure AR flow และ custom guarantee/e-Tax/report ตามไทย	Medium	P1	M-L	https://docs.frappe.io/erpnext/sales-invoice; https://docs.frappe.io/erpnext/accounts-receivable-and-payable	
110	Paragraph	120	4.3.4(7)	(7) สามารถบันทึกรายการตั้งลูกหนี้ และบันทึกบัญชีได้โดยอัตโนมัติ	Account Receivable	ตั้งลูกหนี้และลงบัญชีอัตโนมัติ	มี	มี Customer, Sales Invoice, Payment Entry, AR aging, accounting posting	ต้อง configure AR flow และ custom guarantee/e-Tax/report ตามไทย	Medium	P1	M-L	https://docs.frappe.io/erpnext/sales-invoice; https://docs.frappe.io/erpnext/accounts-receivable-and-payable	
111	Paragraph	121	4.3.4(8)	(8) สามารถออก e-Tax Invoice และ e-Receipt หรือรองรับการเชื่อมต่อผู้ให้บริการ e-Tax Invoice และ e-Receipt ที่ได้รับการรับรองกับกรมสรรพากรได้	Account Receivable	ออกหรือเชื่อม e-Tax Invoice/e-Receipt	ต้องทำเพิ่ม	มี Customer, Sales Invoice, Payment Entry, AR aging, accounting posting	ต้อง configure AR flow และ custom guarantee/e-Tax/report ตามไทย	High	P1	M-L	https://docs.frappe.io/erpnext/sales-invoice; https://docs.frappe.io/erpnext/accounts-receivable-and-payable	
112	Paragraph	122	4.3.4(9)	(9) แสดงข้อมูลและจัดทำรายงานต่าง ๆ เช่น รายงานการเคลื่อนไหวลูกหนี้ รายงานลูกหนี้คงค้าง รายงานวิเคราะห์อายุลูกหนี้ รายงานการรับชำระเงิน ทะเบียนคุมลูกหนี้เงินยืมทดรองจ่าย ทั้งนี้ยังสามารถกำหนดรูปแบบการนำข้อมูลออก (Export) ในรูปแบบของไฟล์ PDF, Excel, Word ได้เป็นอย่างน้อย	Account Receivable	รายงาน AR movement/outstanding/aging/payment/advance export	มีบางส่วน	มี Customer, Sales Invoice, Payment Entry, AR aging, accounting posting	ต้อง configure AR flow และ custom guarantee/e-Tax/report ตามไทย	Medium	P1	M-L	https://docs.frappe.io/erpnext/sales-invoice; https://docs.frappe.io/erpnext/accounts-receivable-and-payable	
113	Paragraph	123	4.3.5	4.3.5 ระบบธนาคาร (Banking System) เป็นระบบงานที่ใช้กำหนดรูปแบบเช็ค และพิสูจน์ยอดเงินฝากธนาคาร โดยระบบจะมีขอบเขตหรือความสามารถต่าง ๆ ดังนี้										
114	Paragraph	124	4.3.5(1)	(1) สามารถกำหนดเล่มเช็ค เลขที่เช็ค และชื่อบริการ e-payment ได้	Banking	กำหนดเล่มเช็ค เลขที่เช็ค ชื่อบริการ e-payment	มีบางส่วน	มี Bank Account, Payment Entry, Bank Transaction/Reconciliation	ต้อง custom cheque register และ e-payment bank export format	Medium	P1	M	https://docs.frappe.io/erpnext/process-payment-reconciliation-tool	
115	Paragraph	125	4.3.5(2)	(2) สามารถกำหนดรหัสสมุดบัญชีเงินฝากธนาคารแยกตามประเภทเงินฝาก	Banking	กำหนดรหัสสมุดบัญชีเงินฝากธนาคารแยกประเภทเงินฝาก	มี	มี Bank Account, Payment Entry, Bank Transaction/Reconciliation	ต้อง custom cheque register และ e-payment bank export format	Medium	P1	M	https://docs.frappe.io/erpnext/process-payment-reconciliation-tool	
116	Paragraph	126	4.3.5(3)	(3) สามารถบริหารจัดการเช็ค และการนำฝากธนาคาร	Banking	บริหารเช็คและการนำฝากธนาคาร	มีบางส่วน	มี Bank Account, Payment Entry, Bank Transaction/Reconciliation	ต้อง custom cheque register และ e-payment bank export format	Medium	P1	M	https://docs.frappe.io/erpnext/process-payment-reconciliation-tool	
117	Paragraph	127	4.3.5(4)	(4) สามารถตรวจสอบยอดเงินฝากธนาคาร	Banking	ตรวจสอบยอดเงินฝากธนาคาร	มี	มี Bank Account, Payment Entry, Bank Transaction/Reconciliation	ต้อง custom cheque register และ e-payment bank export format	Medium	P1	M	https://docs.frappe.io/erpnext/process-payment-reconciliation-tool	
118	Paragraph	128	4.3.5(5)	(5) สามารถส่งออกข้อมูลไฟล์ e-payment ในรูปแบบที่ทางธนาคารของหน่วยงานกำหนด	Banking	export e-payment ตาม bank format	ต้องทำเพิ่ม	มี Bank Account, Payment Entry, Bank Transaction/Reconciliation	ต้อง custom cheque register และ e-payment bank export format	Medium	P1	M	https://docs.frappe.io/erpnext/process-payment-reconciliation-tool	
119	Paragraph	129	4.3.5(6)	(6) แสดงข้อมูลและจัดทำรายงานต่าง ๆ เช่น ทะเบียนเช็ค รายงานกระทบยอดเงินฝากธนาคาร ทั้งนี้ยังสามารถกำหนดรูปแบบการนำข้อมูลออก (Export) ในรูปแบบของไฟล์ PDF, Excel, Word ได้เป็นอย่างน้อย	Banking	รายงานทะเบียนเช็ค/กระทบยอด export	มีบางส่วน	มี Bank Account, Payment Entry, Bank Transaction/Reconciliation	ต้อง custom cheque register และ e-payment bank export format	Medium	P1	M	https://docs.frappe.io/erpnext/process-payment-reconciliation-tool	
120	Paragraph	130	4.3.6	4.3.6 ระบบจัดซื้อจัดจ้าง (Purchase Order System) เป็นระบบที่ทำหน้าที่เกี่ยวกับการจัดซื้อ จัดจ้างของหน่วยงานโดยระบบจะมีขอบเขตหรือความสามารถต่าง ๆ ดังนี้										
121	Paragraph	131	4.3.6(1)	(1) สามารถกำหนดรอบระยะเวลาพัสดุ ให้เป็นไปตามความต้องการได้ และสามารถเปิด-ปิดรอบระยะเวลาพัสดุได้	Purchase Order / Procurement	กำหนดรอบระยะเวลาพัสดุและเปิด-ปิดรอบ	ต้องทำเพิ่ม	มี Buying flow, PO, Supplier Quotation, Purchase Receipt, Purchase Invoice, workflow/attachments	ต้องสร้าง public procurement app: e-GP, TOR, committee, contract, guarantees, penalties, สขร.1, cross-year commitments	High	P1	L-XL	https://docs.frappe.io/erpnext/buying; https://docs.frappe.io/erpnext/purchase-order	
122	Paragraph	132	4.3.6(2)	(2) สามารถกำหนดแผนการจัดซื้อจัดจ้างประจำปีได้ โดยให้มีรายละเอียดอย่างน้อยประกอบด้วย (ก) ชื่อโครงการที่จะจัดซื้อจัดจ้าง (ข) วงเงินที่จะจัดซื้อจัดจ้างโดยประมาณ (ค) ระยะเวลาที่คาดว่าจะจัดซื้อจัดจ้าง (ง) รายการอื่น ๆ	Purchase Order / Procurement	กำหนดแผนจัดซื้อจัดจ้างประจำปี	ต้องทำเพิ่ม	มี Buying flow, PO, Supplier Quotation, Purchase Receipt, Purchase Invoice, workflow/attachments	ต้องสร้าง public procurement app: e-GP, TOR, committee, contract, guarantees, penalties, สขร.1, cross-year commitments	High	P1	L-XL	https://docs.frappe.io/erpnext/buying; https://docs.frappe.io/erpnext/purchase-order	
123	Paragraph	133	4.3.6(3)	(3) สามารถอนุมัติแผนจัดซื้อจัดจ้างผ่านระบบได้ และส่งออกข้อมูลแผนจัดซื้อจัดจ้างในรูปแบบ Excel ตามรูปแบบที่กรมบัญชีกลางกำหนด เพื่อนำเข้าระบบ e-GP ได้	Purchase Order / Procurement	อนุมัติแผนจัดซื้อและ export Excel เข้า e-GP	ต้องทำเพิ่ม	มี Buying flow, PO, Supplier Quotation, Purchase Receipt, Purchase Invoice, workflow/attachments	ต้องสร้าง public procurement app: e-GP, TOR, committee, contract, guarantees, penalties, สขร.1, cross-year commitments	High	P1	L-XL	https://docs.frappe.io/erpnext/buying; https://docs.frappe.io/erpnext/purchase-order	
124	Paragraph	134	4.3.6(4)	(4) สามารถบันทึกรายงานผลการจัดทำ TOR และขออนุมัติ TOR ได้	Purchase Order / Procurement	บันทึกผลจัดทำ TOR และขออนุมัติ TOR	ต้องทำเพิ่ม	มี Buying flow, PO, Supplier Quotation, Purchase Receipt, Purchase Invoice, workflow/attachments	ต้องสร้าง public procurement app: e-GP, TOR, committee, contract, guarantees, penalties, สขร.1, cross-year commitments	High	P1	L-XL	https://docs.frappe.io/erpnext/buying; https://docs.frappe.io/erpnext/purchase-order	
125	Paragraph	135	4.3.6(5)	(5) สามารถกำหนดวิธีการจัดหาให้เป็นไปตามพระราชบัญญัติการจัดซื้อจัดจ้างและการบริหารพัสดุภาครัฐ พ.ศ. 2560 และกฎหมายลำดับรองที่เกี่ยวข้อง ได้	Purchase Order / Procurement	กำหนดวิธีจัดหาตาม พ.ร.บ. 2560	ต้องทำเพิ่ม	มี Buying flow, PO, Supplier Quotation, Purchase Receipt, Purchase Invoice, workflow/attachments	ต้องสร้าง public procurement app: e-GP, TOR, committee, contract, guarantees, penalties, สขร.1, cross-year commitments	High	P1	L-XL	https://docs.frappe.io/erpnext/buying; https://docs.frappe.io/erpnext/purchase-order	
126	Paragraph	136	4.3.6(6)	(6) สามารถบันทึกรายการขอซื้อขอจ้าง และสามารถอ้างอิงแผนจัดซื้อจัดจ้างได้	Purchase Order / Procurement	บันทึก PR/ขอซื้อขอจ้างและอ้างอิงแผน	มีบางส่วน	มี Buying flow, PO, Supplier Quotation, Purchase Receipt, Purchase Invoice, workflow/attachments	ต้องสร้าง public procurement app: e-GP, TOR, committee, contract, guarantees, penalties, สขร.1, cross-year commitments	High	P1	L-XL	https://docs.frappe.io/erpnext/buying; https://docs.frappe.io/erpnext/purchase-order	
127	Paragraph	137	4.3.6(7)	(7) สามารถบันทึกข้อมูลการเสนอราคาของผู้เสนอราคาแต่ละราย และสามารถบันทึกข้อมูล ผู้ชนะการเสนอราคาได้ และสามารถแนบไฟล์เอกสารการเสนอราคาได้ รวมทั้งรายงานผลการจัดซื้อจัดจ้าง เพื่ออนุมัติดำเนินการซื้อจ้างต่อไป	Purchase Order / Procurement	บันทึกเสนอราคา ผู้ชนะ แนบไฟล์ และรายงานอนุมัติ	ต้องทำเพิ่ม	มี Buying flow, PO, Supplier Quotation, Purchase Receipt, Purchase Invoice, workflow/attachments	ต้องสร้าง public procurement app: e-GP, TOR, committee, contract, guarantees, penalties, สขร.1, cross-year commitments	High	P1	L-XL	https://docs.frappe.io/erpnext/buying; https://docs.frappe.io/erpnext/purchase-order	
128	Paragraph	138	4.3.6(8)	(8) สามารถบันทึกรายการจัดซื้อจัดจ้างแบบซื้อวัสดุ ซื้อทรัพย์สินที่เป็นครุภัณฑ์ หรือซื้อ/จ้าง ที่เป็นค่าใช้จ่ายได้	Purchase Order / Procurement	ซื้อวัสดุ ครุภัณฑ์ หรือซื้อ/จ้างเป็นค่าใช้จ่าย	มีบางส่วน	มี Buying flow, PO, Supplier Quotation, Purchase Receipt, Purchase Invoice, workflow/attachments	ต้องสร้าง public procurement app: e-GP, TOR, committee, contract, guarantees, penalties, สขร.1, cross-year commitments	High	P1	L-XL	https://docs.frappe.io/erpnext/buying; https://docs.frappe.io/erpnext/purchase-order	
129	Paragraph	139	4.3.6(9)	(9) สามารถบันทึกข้อมูลเพื่อแต่งตั้งคณะกรรมการจัดซื้อจัดจ้างและคณะกรรมการตรวจรับ ได้ทั้งที่เป็นบุคลากรภายในและบุคคลภายนอก	Purchase Order / Procurement	แต่งตั้งคณะกรรมการจัดซื้อ/ตรวจรับ ภายในและภายนอก	ต้องทำเพิ่ม	มี Buying flow, PO, Supplier Quotation, Purchase Receipt, Purchase Invoice, workflow/attachments	ต้องสร้าง public procurement app: e-GP, TOR, committee, contract, guarantees, penalties, สขร.1, cross-year commitments	High	P1	L-XL	https://docs.frappe.io/erpnext/buying; https://docs.frappe.io/erpnext/purchase-order	
130	Paragraph	140	4.3.6(10)	(๑0) มีระบบการแจ้งเตือนคณะกรรมการร่าง TOR และกำหนดราคากลาง คณะกรรมการจัดซื้อจัดจ้าง และคณะกรรมตรวจรับผ่านทาง e-mail ได้	Purchase Order / Procurement	แจ้งเตือนคณะกรรมการผ่าน e-mail	มีบางส่วน	มี Buying flow, PO, Supplier Quotation, Purchase Receipt, Purchase Invoice, workflow/attachments	ต้องสร้าง public procurement app: e-GP, TOR, committee, contract, guarantees, penalties, สขร.1, cross-year commitments	High	P1	L-XL	https://docs.frappe.io/erpnext/buying; https://docs.frappe.io/erpnext/purchase-order	
131	Paragraph	141	4.3.6(11)	(๑1) คณะกรรมการที่เกี่ยวข้องกับการจัดซื้อจัดจ้างทั้งหมดสามารถอนุมัติรายการผ่านระบบได้	Purchase Order / Procurement	คณะกรรมการอนุมัติผ่านระบบ	มีบางส่วน	มี Buying flow, PO, Supplier Quotation, Purchase Receipt, Purchase Invoice, workflow/attachments	ต้องสร้าง public procurement app: e-GP, TOR, committee, contract, guarantees, penalties, สขร.1, cross-year commitments	High	P1	L-XL	https://docs.frappe.io/erpnext/buying; https://docs.frappe.io/erpnext/purchase-order	
132	Paragraph	142	4.3.6(12)	(๑2) สามารถบันทึกข้อมูลการเปลี่ยนแปลงคณะกรรมการที่เกี่ยวข้องกับการจัดซื้อจัดจ้าง และส่งอนุมัติรายการผ่านระบบได้	Purchase Order / Procurement	เปลี่ยนแปลงคณะกรรมการและอนุมัติ	ต้องทำเพิ่ม	มี Buying flow, PO, Supplier Quotation, Purchase Receipt, Purchase Invoice, workflow/attachments	ต้องสร้าง public procurement app: e-GP, TOR, committee, contract, guarantees, penalties, สขร.1, cross-year commitments	High	P1	L-XL	https://docs.frappe.io/erpnext/buying; https://docs.frappe.io/erpnext/purchase-order	
133	Paragraph	143	4.3.6(13)	(๑3) สามารถบันทึกรายการสั่งซื้อสั่งจ้างได้ ในกรณีที่มีการแบ่งงวดสามารถบันทึกงวด การส่งมอบงานและการจ่ายเงินได้ และสามารถแสดงข้อมูลการรับหลักประกันต่าง ๆ ได้ รวมทั้งสามารถแนบไฟล์เอกสารอื่น ๆ ที่เกี่ยวข้องได้	Purchase Order / Procurement	PO/สัญญา แบ่งงวด ส่งมอบ จ่ายเงิน หลักประกัน แนบไฟล์	มีบางส่วน	มี Buying flow, PO, Supplier Quotation, Purchase Receipt, Purchase Invoice, workflow/attachments	ต้องสร้าง public procurement app: e-GP, TOR, committee, contract, guarantees, penalties, สขร.1, cross-year commitments	High	P1	L-XL	https://docs.frappe.io/erpnext/buying; https://docs.frappe.io/erpnext/purchase-order	
134	Paragraph	144	4.3.6(14)	(๑4) สามารถปิดใบสั่งซื้อสั่งจ้างในกรณีที่ต้องการยกเลิกใบสั่งซื้อสั่งจ้างได้	Purchase Order / Procurement	ปิด/ยกเลิกใบสั่งซื้อสั่งจ้าง	มีบางส่วน	มี Buying flow, PO, Supplier Quotation, Purchase Receipt, Purchase Invoice, workflow/attachments	ต้องสร้าง public procurement app: e-GP, TOR, committee, contract, guarantees, penalties, สขร.1, cross-year commitments	High	P1	L-XL	https://docs.frappe.io/erpnext/buying; https://docs.frappe.io/erpnext/purchase-order	
135	Paragraph	145	4.3.6(15)	(15) สามารถบันทึกรายการตรวจรับสินค้า/บริการ ได้ โดยสามารถแบ่งการตรวจรับ ตามจำนวนหน่วย จำนวนราคา หรือตามงวด และสามารถบันทึกค่าปรับในขั้นตอนการตรวจรับ	Purchase Order / Procurement	ตรวจรับสินค้า/บริการตามหน่วย/ราคา/งวด และบันทึกค่าปรับ	มีบางส่วน	มี Buying flow, PO, Supplier Quotation, Purchase Receipt, Purchase Invoice, workflow/attachments	ต้องสร้าง public procurement app: e-GP, TOR, committee, contract, guarantees, penalties, สขร.1, cross-year commitments	High	P1	L-XL	https://docs.frappe.io/erpnext/buying; https://docs.frappe.io/erpnext/purchase-order	
136	Paragraph	146	4.3.6(16)	(16) สามารถบันทึกรับและเบิกคืนเงินประกันสัญญา และเงินประกันผลงานได้	Purchase Order / Procurement	รับ/เบิกคืนเงินประกันสัญญาและผลงาน	ต้องทำเพิ่ม	มี Buying flow, PO, Supplier Quotation, Purchase Receipt, Purchase Invoice, workflow/attachments	ต้องสร้าง public procurement app: e-GP, TOR, committee, contract, guarantees, penalties, สขร.1, cross-year commitments	High	P1	L-XL	https://docs.frappe.io/erpnext/buying; https://docs.frappe.io/erpnext/purchase-order	
137	Paragraph	147	4.3.6(17)	(17) สามารถบันทึกรับและคืนหลักประกันสัญญาที่เป็นหนังสือค้ำประกัน และพันธบัตรรัฐบาลได้	Purchase Order / Procurement	รับ/คืนหลักประกันสัญญา หนังสือค้ำประกัน/พันธบัตร	ต้องทำเพิ่ม	มี Buying flow, PO, Supplier Quotation, Purchase Receipt, Purchase Invoice, workflow/attachments	ต้องสร้าง public procurement app: e-GP, TOR, committee, contract, guarantees, penalties, สขร.1, cross-year commitments	High	P1	L-XL	https://docs.frappe.io/erpnext/buying; https://docs.frappe.io/erpnext/purchase-order	
138	Paragraph	148	4.3.6(18)	(18) สามารถแจ้งเตือน (Notification) ผู้ที่เกี่ยวข้องกับการดำเนินงานในกระบวนการต่าง ๆ ได้	Purchase Order / Procurement	Notification ผู้เกี่ยวข้อง	มีบางส่วน	มี Buying flow, PO, Supplier Quotation, Purchase Receipt, Purchase Invoice, workflow/attachments	ต้องสร้าง public procurement app: e-GP, TOR, committee, contract, guarantees, penalties, สขร.1, cross-year commitments	High	P1	L-XL	https://docs.frappe.io/erpnext/buying; https://docs.frappe.io/erpnext/purchase-order	
139	Paragraph	149	4.3.6(19)	(19) สามารถแจ้งเตือนไปยังผู้ขาย/ผู้ขาย ล่วงหน้า เพื่อแจ้งเตือนการส่งมอบงานตามใบสั่งซื้อสั่งจ้าง/สัญญา	Purchase Order / Procurement	แจ้งเตือนผู้ขายล่วงหน้าการส่งมอบ	ต้องทำเพิ่ม	มี Buying flow, PO, Supplier Quotation, Purchase Receipt, Purchase Invoice, workflow/attachments	ต้องสร้าง public procurement app: e-GP, TOR, committee, contract, guarantees, penalties, สขร.1, cross-year commitments	High	P1	L-XL	https://docs.frappe.io/erpnext/buying; https://docs.frappe.io/erpnext/purchase-order	
140	Paragraph	150	4.3.6(20)	(๒0) สามารถตรวจสอบสถานะเอกสาร อยู่ในระหว่างขั้นตอนการดำเนินงานใด	Purchase Order / Procurement	ตรวจสถานะเอกสาร	มีบางส่วน	มี Buying flow, PO, Supplier Quotation, Purchase Receipt, Purchase Invoice, workflow/attachments	ต้องสร้าง public procurement app: e-GP, TOR, committee, contract, guarantees, penalties, สขร.1, cross-year commitments	High	P1	L-XL	https://docs.frappe.io/erpnext/buying; https://docs.frappe.io/erpnext/purchase-order	
141	Paragraph	151	4.3.6(21)	(๒1) มีเมนูสำหรับการบริหารสัญญา ซึ่งสามารถกำหนดเงื่อนไขการแสดงข้อมูลได้ เช่น เลขที่สัญญา ชื่อสัญญา ปีงบประมาณ วิธีการจัดหา เป็นต้น	Purchase Order / Procurement	เมนูบริหารสัญญาค้นตามเลขที่/ชื่อ/ปี/วิธีจัดหา	ต้องทำเพิ่ม	มี Buying flow, PO, Supplier Quotation, Purchase Receipt, Purchase Invoice, workflow/attachments	ต้องสร้าง public procurement app: e-GP, TOR, committee, contract, guarantees, penalties, สขร.1, cross-year commitments	High	P1	L-XL	https://docs.frappe.io/erpnext/buying; https://docs.frappe.io/erpnext/purchase-order	
142	Paragraph	152	4.3.6(22)	(๒2) สามารถบันทึกข้อมูลการแก้ไขสัญญาผ่านระบบได้	Purchase Order / Procurement	บันทึกแก้ไขสัญญา	ต้องทำเพิ่ม	มี Buying flow, PO, Supplier Quotation, Purchase Receipt, Purchase Invoice, workflow/attachments	ต้องสร้าง public procurement app: e-GP, TOR, committee, contract, guarantees, penalties, สขร.1, cross-year commitments	High	P1	L-XL	https://docs.frappe.io/erpnext/buying; https://docs.frappe.io/erpnext/purchase-order	
143	Paragraph	153	4.3.6(23)	(๒3) สามารถจัดทำรายงานสรุปผลการจัดซื้อจัดจ้าง (สขร. 1) ได้โดยอัตโนมัติ รวมทั้งสามารถบันทึกขออนุมัติประกาศสรุปผลการจัดซื้อจัดจ้าง (สขร. 1) ได้	Purchase Order / Procurement	รายงาน สขร.1 อัตโนมัติและขออนุมัติประกาศ	ต้องทำเพิ่ม	มี Buying flow, PO, Supplier Quotation, Purchase Receipt, Purchase Invoice, workflow/attachments	ต้องสร้าง public procurement app: e-GP, TOR, committee, contract, guarantees, penalties, สขร.1, cross-year commitments	High	P1	L-XL	https://docs.frappe.io/erpnext/buying; https://docs.frappe.io/erpnext/purchase-order	
144	Paragraph	154	4.3.6(24)	(24) สามารถจัดทำรายละเอียดแนบท้ายประกาศผลผู้ชนะการจัดซื้อจัดจ้างหรือผู้ได้รับคัดเลือก และสาระสำคัญของสัญญาหรือข้อตกลงเป็นหนังสือได้ รวมทั้งขออนุมัติประกาศผลผู้ชนะการจัดซื้อ จัดจ้างหรือผู้ได้รับคัดเลือก และสาระสำคัญของสัญญาหรือข้อตกลงเป็นหนังสือได้	Purchase Order / Procurement	ประกาศผลผู้ชนะ/สาระสำคัญสัญญาและอนุมัติประกาศ	ต้องทำเพิ่ม	มี Buying flow, PO, Supplier Quotation, Purchase Receipt, Purchase Invoice, workflow/attachments	ต้องสร้าง public procurement app: e-GP, TOR, committee, contract, guarantees, penalties, สขร.1, cross-year commitments	High	P1	L-XL	https://docs.frappe.io/erpnext/buying; https://docs.frappe.io/erpnext/purchase-order	
145	Paragraph	155	4.3.6(25)	(25) สามารถจัดทำรายงานการจัดซื้อจัดจ้างที่ผูกพันข้ามปีและขออนุมัติกันเงินเหลื่อมปีได้	Purchase Order / Procurement	รายงานผูกพันข้ามปีและกันเงินเหลื่อมปี	ต้องทำเพิ่ม	มี Buying flow, PO, Supplier Quotation, Purchase Receipt, Purchase Invoice, workflow/attachments	ต้องสร้าง public procurement app: e-GP, TOR, committee, contract, guarantees, penalties, สขร.1, cross-year commitments	High	P1	L-XL	https://docs.frappe.io/erpnext/buying; https://docs.frappe.io/erpnext/purchase-order	
146	Paragraph	156	4.3.6(26)	(26) แสดงข้อมูลและจัดทำรายงานต่าง ๆ เช่น รายงานการจัดซื้อ/จ้าง ทะเบียนคุมหลักประกัน/เงินประกัน ทั้งนี้ยังสามารถกำหนดรูปแบบการนำข้อมูลออก (Export) ในรูปแบบของไฟล์ PDF, Excel, Word ได้เป็นอย่างน้อย	Purchase Order / Procurement	รายงานจัดซื้อ/ทะเบียนหลักประกัน export	มีบางส่วน	มี Buying flow, PO, Supplier Quotation, Purchase Receipt, Purchase Invoice, workflow/attachments	ต้องสร้าง public procurement app: e-GP, TOR, committee, contract, guarantees, penalties, สขร.1, cross-year commitments	High	P1	L-XL	https://docs.frappe.io/erpnext/buying; https://docs.frappe.io/erpnext/purchase-order	
147	Paragraph	157	4.3.7	4.3.7 ระบบบริหารวัสดุ (Inventory Control System) เป็นระบบที่ทำหน้าที่ในการจัดการเกี่ยวกับการจัดการวัสดุในคลัง การรับวัสดุ การเบิกจ่ายวัสดุ การโอนย้ายวัสดุ โดยระบบจะมีขอบเขตหรือความสามารถต่าง ๆ ดังนี้										
148	Paragraph	158	4.3.7(1)	(1) สามารถกำหนดรหัสสินค้าและบริการโดยจำแนกตามกลุ่ม	Inventory Control	กำหนดรหัสสินค้า/บริการตามกลุ่ม	มี	มี Item, Item Group, Warehouse, Stock Entry/Transfer/Reconciliation, stock reports	ต้องปรับ workflow เบิกวัสดุและรูปแบบรายงาน/เอกสารราชการ	Low-Medium	P2	S-M	https://docs.frappe.io/erpnext/stock-transactions	
149	Paragraph	159	4.3.7(2)	(2) สามารถกำหนดคลังสินค้าได้ไม่จำกัด	Inventory Control	กำหนดคลังไม่จำกัด	มี	มี Item, Item Group, Warehouse, Stock Entry/Transfer/Reconciliation, stock reports	ต้องปรับ workflow เบิกวัสดุและรูปแบบรายงาน/เอกสารราชการ	Low-Medium	P2	S-M	https://docs.frappe.io/erpnext/stock-transactions	
150	Paragraph	160	4.3.7(3)	(3) เมื่อมีการตรวจรับพัสดุแบบเข้าคลัง สามารถทำการบันทึกรายการวัสดุเข้าคลังโดยอัตโนมัติ	Inventory Control	ตรวจรับเข้าคลังแล้วบันทึกวัสดุอัตโนมัติ	มี	มี Item, Item Group, Warehouse, Stock Entry/Transfer/Reconciliation, stock reports	ต้องปรับ workflow เบิกวัสดุและรูปแบบรายงาน/เอกสารราชการ	Low-Medium	P2	S-M	https://docs.frappe.io/erpnext/stock-transactions	
151	Paragraph	161	4.3.7(4)	(4) สามารถบันทึกขอเบิกวัสดุจากคลัง	Inventory Control	บันทึกขอเบิกวัสดุจากคลัง	มีบางส่วน	มี Item, Item Group, Warehouse, Stock Entry/Transfer/Reconciliation, stock reports	ต้องปรับ workflow เบิกวัสดุและรูปแบบรายงาน/เอกสารราชการ	Low-Medium	P2	S-M	https://docs.frappe.io/erpnext/stock-transactions	
152	Paragraph	162	4.3.7(5)	(5) สามารถบันทึกรายการโอนย้ายวัสดุระหว่างคลัง	Inventory Control	โอนย้ายวัสดุระหว่างคลัง	มี	มี Item, Item Group, Warehouse, Stock Entry/Transfer/Reconciliation, stock reports	ต้องปรับ workflow เบิกวัสดุและรูปแบบรายงาน/เอกสารราชการ	Low-Medium	P2	S-M	https://docs.frappe.io/erpnext/stock-transactions	
153	Paragraph	163	4.3.7(6)	(6) สามารถบันทึกรายการปรับปรุงวัสดุ	Inventory Control	ปรับปรุงวัสดุ	มี	มี Item, Item Group, Warehouse, Stock Entry/Transfer/Reconciliation, stock reports	ต้องปรับ workflow เบิกวัสดุและรูปแบบรายงาน/เอกสารราชการ	Low-Medium	P2	S-M	https://docs.frappe.io/erpnext/stock-transactions	
154	Paragraph	164	4.3.7(7)	(7) แสดงข้อมูลและจัดทำรายงานต่าง ๆ เช่น รายงานวัสดุคงเหลือ ทั้งนี้ยังสามารถกำหนดรูปแบบการนำข้อมูลออก (Export) ในรูปแบบของไฟล์ PDF, Excel, Word ได้เป็นอย่างน้อย	Inventory Control	รายงานวัสดุคงเหลือ export	มีบางส่วน	มี Item, Item Group, Warehouse, Stock Entry/Transfer/Reconciliation, stock reports	ต้องปรับ workflow เบิกวัสดุและรูปแบบรายงาน/เอกสารราชการ	Low-Medium	P2	S-M	https://docs.frappe.io/erpnext/stock-transactions	
155	Paragraph	166	4.3.8	4.3.8 ระบบทรัพย์สิน (Fixed Asset System) เป็นระบบที่หน้าที่ในการจัดการเกี่ยวกับ การควบคุมครุภัณฑ์และครุภัณฑ์ต่ำกว่าเกณฑ์ ธุรกรรมที่เกี่ยวข้องการทรัพย์สินของหน่วยงาน การตัดจำหน่าย การคำนวณค่าเสื่อมราคา โดยระบบจะมีขอบเขตหรือความสามารถต่าง ๆ ดังนี้										
156	Paragraph	167	4.3.8(1)	(1) สามารถกำหนดรหัสทรัพย์สินได้ตามรูปแบบที่สำนักงบประมาณกำหนด	Fixed Asset	กำหนดรหัสทรัพย์สินตามสำนักงบประมาณ	ต้องทำเพิ่ม	มี Asset, depreciation, location/custodian fields, asset reports	ต้อง custom government asset coding, low-value asset control, QR label, mobile stock count และ disposal workflow	Medium-High	P1	M-L	https://docs.frappe.io/erpnext/asset	
157	Paragraph	168	4.3.8(2)	(2) สามารถกำหนดโครงสร้างของรหัสทรัพย์สิน และเก็บข้อมูลรหัสทรัพย์สินที่ออกจาก ระบบได้	Fixed Asset	กำหนดโครงสร้างรหัสทรัพย์สินและเก็บเลขที่ออกจากระบบ	มีบางส่วน	มี Asset, depreciation, location/custodian fields, asset reports	ต้อง custom government asset coding, low-value asset control, QR label, mobile stock count และ disposal workflow	Medium-High	P1	M-L	https://docs.frappe.io/erpnext/asset	
158	Paragraph	169	4.3.8(3)	(3) สามารถบันทึกข้อมูลทรัพย์สินทั้งที่เป็นครุภัณฑ์ปกติ และครุภัณฑ์มูลค่าต่ำกว่าเกณฑ์	Fixed Asset	บันทึกครุภัณฑ์ปกติและมูลค่าต่ำกว่าเกณฑ์	มีบางส่วน	มี Asset, depreciation, location/custodian fields, asset reports	ต้อง custom government asset coding, low-value asset control, QR label, mobile stock count และ disposal workflow	Medium-High	P1	M-L	https://docs.frappe.io/erpnext/asset	
159	Paragraph	170	4.3.8(4)	(4) สามารถบันทึกการได้มาของทรัพย์สินได้หลายวิธี เช่น จัดซื้อจัดจ้าง รับบริจาค รับโอน	Fixed Asset	บันทึกได้มาหลายวิธี เช่น ซื้อ รับบริจาค รับโอน	มีบางส่วน	มี Asset, depreciation, location/custodian fields, asset reports	ต้อง custom government asset coding, low-value asset control, QR label, mobile stock count และ disposal workflow	Medium-High	P1	M-L	https://docs.frappe.io/erpnext/asset	
160	Paragraph	171	4.3.8(5)	(5) สามารถบันทึกทรัพย์สินเป็นชุด โดยแยกเป็นทรัพย์สินหลักและทรัพย์สินย่อย	Fixed Asset	ทรัพย์สินเป็นชุด หลัก/ย่อย	มีบางส่วน	มี Asset, depreciation, location/custodian fields, asset reports	ต้อง custom government asset coding, low-value asset control, QR label, mobile stock count และ disposal workflow	Medium-High	P1	M-L	https://docs.frappe.io/erpnext/asset	
161	Paragraph	172	4.3.8(6)	(6) สามารถบันทึกประวัติการครอบครองและประวัติการบำรุงรักษา รวมไปถึงบันทึกข้อมูลและแก้ไขข้อมูลการเปลี่ยนแปลงสถานที่ตั้งของทรัพย์สินทั้งที่เป็นครุภัณฑ์ปกติและครุภัณฑ์มูลค่าต่ำกว่าเกณฑ์	Fixed Asset	ประวัติครอบครอง บำรุงรักษา และสถานที่ตั้ง	มีบางส่วน	มี Asset, depreciation, location/custodian fields, asset reports	ต้อง custom government asset coding, low-value asset control, QR label, mobile stock count และ disposal workflow	Medium-High	P1	M-L	https://docs.frappe.io/erpnext/asset	
162	Paragraph	173	4.3.8(7)	(7) สามารถคำนวณค่าเสื่อมราคาได้ วิธีเส้นตรง โดยระบบจะคำนวณให้อัตโนมัติ	Fixed Asset	ค่าเสื่อมเส้นตรงอัตโนมัติ	มี	มี Asset, depreciation, location/custodian fields, asset reports	ต้อง custom government asset coding, low-value asset control, QR label, mobile stock count และ disposal workflow	Medium-High	P1	M-L	https://docs.frappe.io/erpnext/asset	
163	Paragraph	174	4.3.8(8)	(8) สามารถบันทึกการจำหน่ายพัสดุให้เป็นไปตามวิธีการตามระเบียบกระทรวงการคลัง ว่าด้วยการจัดซื้อจัดจ้างและการบริหารพัสดุภาครัฐ พ.ศ. 2560 ได้	Fixed Asset	จำหน่ายพัสดุตามระเบียบกระทรวงการคลัง	มีบางส่วน	มี Asset, depreciation, location/custodian fields, asset reports	ต้อง custom government asset coding, low-value asset control, QR label, mobile stock count และ disposal workflow	Medium-High	P1	M-L	https://docs.frappe.io/erpnext/asset	
164	Paragraph	175	4.3.8(9)	(9) สามารถบันทึกปรับปรุงราคาทุนของทรัพย์สินและค่าเสื่อมราคาได้	Fixed Asset	ปรับปรุงราคาทุนและค่าเสื่อม	มี	มี Asset, depreciation, location/custodian fields, asset reports	ต้อง custom government asset coding, low-value asset control, QR label, mobile stock count และ disposal workflow	Medium-High	P1	M-L	https://docs.frappe.io/erpnext/asset	
165	Paragraph	176	4.3.8(10)	(10) แสดงข้อมูลและจัดทำรายงานต่าง ๆ เช่น รายงานทรัพย์สินและค่าเสื่อมราคา ทั้งนี้ ยังสามารถกำหนดรูปแบบการนำข้อมูลออก (Export) ในรูปแบบของไฟล์ PDF, Excel, Word ได้เป็นอย่างน้อย	Fixed Asset	รายงานทรัพย์สินและค่าเสื่อม export	มีบางส่วน	มี Asset, depreciation, location/custodian fields, asset reports	ต้อง custom government asset coding, low-value asset control, QR label, mobile stock count และ disposal workflow	Medium-High	P1	M-L	https://docs.frappe.io/erpnext/asset	
166	Paragraph	177	4.3.8(11)	(11) สามารถจัดทำป้ายครุภัณฑ์และตรวจนับครุภัณฑ์ด้วย QR Code รวมทั้งมีระบบตรวจนับครุภัณฑ์ผ่าน Mobile Application ได้	Fixed Asset	ป้ายครุภัณฑ์ QR และตรวจนับผ่าน Mobile App	ต้องทำเพิ่ม	มี Asset, depreciation, location/custodian fields, asset reports	ต้อง custom government asset coding, low-value asset control, QR label, mobile stock count และ disposal workflow	Medium-High	P1	M-L	https://docs.frappe.io/erpnext/asset	
167	Paragraph	178	4.3.9	4.3.9 ระบบบัญชีแยกประเภท (General Ledger System) เป็นระบบที่มีการเชื่อมต่อกับระบบงานอื่น โดยรายการทั้งหมดที่บันทึกจากระบบต่าง ๆ จะส่งมาที่ระบบบัญชีแยกประเภท เพื่อประมวลผลในการออกรายงานงบการเงิน โดยระบบจะมีขอบเขตหรือความสามารถต่าง ๆ ดังนี้										
168	Paragraph	179	4.3.9(1)	(1) สามารถกำหนดโครงสร้างของระบบบัญชีได้ เช่น ผังบัญชี รหัสบัญชี	General Ledger	กำหนดโครงสร้างบัญชี เช่น ผังบัญชี/รหัสบัญชี	มี	มี Chart of Accounts, Journal Entry, GL, Trial Balance, financial statements และ period closing	ต้องจัดผังบัญชีภาครัฐ รูปแบบงบ/รายงาน และ GFMIS integration/export	Medium	P1	M-L	https://docs.frappe.io/erpnext/general-ledger; https://docs.frappe.io/erpnext/accounting-reports	
169	Paragraph	180	4.3.9(2)	(2) สามารถเชื่อมโยงข้อมูลกับระบบงานต่าง ๆ และลงบัญชีอัตโนมัติ	General Ledger	เชื่อมข้อมูลระบบอื่นและลงบัญชีอัตโนมัติ	มี	มี Chart of Accounts, Journal Entry, GL, Trial Balance, financial statements และ period closing	ต้องจัดผังบัญชีภาครัฐ รูปแบบงบ/รายงาน และ GFMIS integration/export	Medium	P1	M-L	https://docs.frappe.io/erpnext/general-ledger; https://docs.frappe.io/erpnext/accounting-reports	
170	Paragraph	181	4.3.9(3)	(3) สามารถจัดทำบัญชี และปิดงบการเงินได้เป็นรายหน่วยปฏิบัติ	General Ledger	จัดทำบัญชีและปิดงบรายหน่วยปฏิบัติ	มีบางส่วน	มี Chart of Accounts, Journal Entry, GL, Trial Balance, financial statements และ period closing	ต้องจัดผังบัญชีภาครัฐ รูปแบบงบ/รายงาน และ GFMIS integration/export	Medium	P1	M-L	https://docs.frappe.io/erpnext/general-ledger; https://docs.frappe.io/erpnext/accounting-reports	
171	Paragraph	182	4.3.9(4)	(4) สามารถเชื่อมโยงผังบัญชี และจัดทำข้อมูลทางบัญชีเสนอหน่วยงานภายนอก เช่น กรมบัญชีกลาง (GFMIS)	General Ledger	เชื่อมผังบัญชี/จัดทำข้อมูลเสนอหน่วยงานภายนอก เช่น GFMIS	ต้องทำเพิ่ม	มี Chart of Accounts, Journal Entry, GL, Trial Balance, financial statements และ period closing	ต้องจัดผังบัญชีภาครัฐ รูปแบบงบ/รายงาน และ GFMIS integration/export	High	P1	M-L	https://docs.frappe.io/erpnext/general-ledger; https://docs.frappe.io/erpnext/accounting-reports	
172	Paragraph	183	4.3.9(5)	(5) สามารถกำหนดรอบระยะเวลาบัญชี ให้เป็นไปตามความต้องการได้ และสามารถเปิด-ปิดรอบระยะเวลาบัญชีได้	General Ledger	กำหนดรอบบัญชีและเปิด-ปิดรอบ	มี	มี Chart of Accounts, Journal Entry, GL, Trial Balance, financial statements และ period closing	ต้องจัดผังบัญชีภาครัฐ รูปแบบงบ/รายงาน และ GFMIS integration/export	Medium	P1	M-L	https://docs.frappe.io/erpnext/general-ledger; https://docs.frappe.io/erpnext/accounting-reports	
173	Paragraph	184	4.3.9(6)	(6) แสดงข้อมูลและจัดทำรายงานต่าง ๆ เช่น รายงานสมุดรายวัน รายงานงบทดลองรายงานบัญชีแยกประเภท งบแสดงฐานะการเงิน งบแสดงผลการดำเนินงานทางการเงิน ทั้งนี้ยังสามารถกำหนดรูปแบบการนำข้อมูลออก (Export) ในรูปแบบของไฟล์ PDF, Excel, Word ได้เป็นอย่างน้อย	General Ledger	รายงาน journal, trial balance, GL, งบฐานะ, งบผลดำเนินงาน export	มีบางส่วน	มี Chart of Accounts, Journal Entry, GL, Trial Balance, financial statements และ period closing	ต้องจัดผังบัญชีภาครัฐ รูปแบบงบ/รายงาน และ GFMIS integration/export	Medium	P1	M-L	https://docs.frappe.io/erpnext/general-ledger; https://docs.frappe.io/erpnext/accounting-reports	
174	Paragraph	186	4.3.10	4.3.10 ระบบการรายงานสำหรับผู้บริหาร (Dashboard) เป็นระบบที่แสดงข้อมูลทางด้านผลการปฏิบัติงาน งบประมาณ บัญชี การเงิน และพัสดุในรูปแบบ Dashboard ได้แบบ Real time และสามารถแสดงข้อมูลแบบออนไลน์ผ่าน Web Browser และ Mobile	Dashboard	Dashboard ผลปฏิบัติงาน งบประมาณ บัญชี การเงิน พัสดุ realtime ผ่าน Web/Mobile	มีบางส่วน	มี dashboards/reports และข้อมูลรวมในระบบเดียว	ต้องออกแบบ KPI/visualization ตามผู้บริหาร และปรับ mobile UX	Medium	P2	M		
175	Paragraph	188	4.4	4.4 การฝึกอบรม	Training	ฝึกอบรมและคู่มือ PDF	ต้องทำเพิ่ม	มี product docs เป็นฐาน	ต้องทำคู่มือไทยเฉพาะ flow และอบรม onsite/online	Low	P1	M		
176	Paragraph	189	4.4.1	4.4.1 ผู้ขายต้องจัดให้มีการฝึกอบรมการใช้งานระบบบริหารจัดการทรัพยากรองค์กร (Enterprise Resource Planning : ERP) ตามรายละเอียดคุณลักษณะเฉพาะ ข้อ 4.3 ให้กับเจ้าหน้าที่ ณ สถานที่ตาม ที่ สกมช. กำหนด										
177	Paragraph	190	4.4.2	4.4.2 ผู้ขายต้องจัดให้มีสิ่งอำนวยความสะดวกในการฝึกอบรม ตามความเหมาะสมโดยผู้ขาย เป็นผู้รับผิดชอบค่าใช่จ่ายในการฝึกอบรม										
178	Paragraph	191	4.4.3	4.4.3 ผู้ขายต้องจัดทำคู่มือการฝึกอบรมการใช้งานระบบบริหารจัดการทรัพยากรองค์กร (Enterprise Resource Planning : ERP) เป็นไฟล์ PDF ให้กับผู้เข้ารับการฝึกอบรม										
179	Paragraph	193	5	5. การติดตั้งและทดสอบระบบ	Deployment/Test	ติดตั้งและทดสอบระบบให้สมบูรณ์	ต้องทำเพิ่ม	รองรับ deployment/self-host/cloud	ต้องทำ deployment plan, test plan, backup/restore, performance test	Medium	P1	M-L		
180	Paragraph	194	5.1	5.1 เมื่อการทดสอบการทำงานของระบบร่วมกันระหว่างผู้ขายและผู้ซื้อระบบ เป็นที่เรียบร้อยแล้ว ผู้ขายจะต้องติดตั้งระบบที่ปรับปรุงแก้ไข พร้อมทดสอบการทำงานของระบบให้สามารถทำงานได้อย่างสมบูรณ์ตามวัตถุประสงค์ของโครงการ										
181	Paragraph	195	5.2	5.2 ระหว่างที่ทำการทดสอบระบบในทุกกรณี หากอุปกรณ์ใดของสำนักงาน หรือหน่วยงานที่เกี่ยวข้องได้รับความเสียหายระหว่างการทดสอบ และส่งผลให้เกิดข้อบกพร่องของระบบคอมพิวเตอร์ โดยความเสียหายที่เกิดขึ้นระหว่างการทดสอบนั้นเกิดจากความบกพร่องของบุคลากรของผู้ซื้อ ผู้ขายจะต้องรับผิดชอบต่อความเสียหายที่เกิดขึ้น โดยไม่คิดค่าใช้จ่ายใด ๆ จากสำนักงาน										
182	Paragraph	196	8	8. ระยะเวลาดำเนินการ	Timeline	ดำเนินการให้แล้วเสร็จภายใน 60 วัน	ความเสี่ยงสูง	Product ใช้เป็นฐานได้	scope custom ภาครัฐเยอะ 60 วันเสี่ยงมาก ต้อง phase scope	High	P1	XL		ข้อเสนอควรแบ่ง Phase 1 core + Phase 2 government custom
183	Paragraph	197		ระยะเวลาการดำเนินงานให้แล้วเสร็จภายใน 60 วัน นับถัดจากวันลงนามในสัญญา										
184	Paragraph	198	9	9. การส่งมอบงาน										
185	Paragraph	199		กำหนดการส่งมอบงานตามรายละเอียดคุณลักษณะเฉพาะและจ่ายเงิน ดังนี้										
186	Paragraph	201	10	10. เงื่อนไขการชำระเงิน										
187	Paragraph	202		สำนักงานคณะกรรมการการรักษาความมั่นคงปลอดภัยไซเบอร์แห่งชาติ จะชำระเงินตามจำนวน ในสัญญาภายหลังจากผู้ยื่นข้อเสนอได้ปฏิบัติงาน มอบเป็นเอกสารจำนวน 2 ชุด พร้อมไฟล์อิเล็กทรอนิกส์ ในรูปแบบที่ปรับแก้ไขได้ (.docx) และปรับแก้ไขไม่ได้ (.pdf) พร้อมบันทึกลงใน USB Flash Drive หรือสื่อแบบถอดได้อื่น ๆ (Removable) จำนวน 2 ชุด รวมถึงใบแจ้งค่าใช้จ่ายพร้อมเอกสารหลักฐานต่าง ๆ ที่เกี่ยวข้องครบถ้วน และผ่านการตรวจรับพัสดุจากคณะกรรมการตรวจรับพัสดุเรียบร้อยแล้ว สำนักงานคณะกรรมการการรักษาความมั่นคงปลอดภัยไซเบอร์แห่งชาติ ตกลงชำระค่าพัสดุให้แก่ผู้ยื่นข้อเสนอ เป็นเช็คขีดคร่อมหรือการโอนเงินทางอิเล็กทรอนิกส์ โดยสำนักงานคณะกรรมการการรักษาความมั่นคงปลอดภัยไซเบอร์แห่งชาติ จะหักภาษี ค่าธรรมเนียมธนาคารและค่าธรรมเนียมอื่น ๆ ที่เกี่ยวข้องจากมูลค่า ของค่าพัสดุ ซึ่งผู้ยื่นข้อเสนอจะต้องชำระไว้ตามกฎหมายด้วย โดยผู้ซื้อจะชำระเงินเต็มจำนวนร้อยละ 100 เมื่อผู้ขายได้ส่งมอบพัสดุ ตามทีกำหนดไว้ครบถ้วน และคณะกรรมการตรวจรับพัสดุ ได้ทำการตรวจรับพัสดุ ไว้เรียบร้อยแล้ว										
188	Paragraph	203	11	11. เอกสารการยื่นข้อเสนอ										
189	Paragraph	204		ผู้ยื่นข้อเสนอต้องเสนอเอกสารหลักฐาน แยกเป็น 2 ส่วน คือ										
190	Paragraph	205	11.1	11.1 ส่วนที่ 1 อย่างน้อยต้องมีเอกสารดังต่อไปนี้										
191	Paragraph	206	11.1.1	11.1.1 ในกรณีผู้ยื่นข้อเสนอเป็นนิติบุคคล										
192	Paragraph	207	11.1.1(1)	(1) ห้างหุ้นส่วนสามัญหรือห้างหุ้นส่วนจำกัด ให้ยื่นสำเนาหนังสือรับรองการจดทะเบียน นิติบุคคล บัญชีรายชื่อหุ้นส่วนผู้จัดการ ผู้มีอำนาจควบคุม (ถ้ามี)										
193	Paragraph	208	11.1.1(2)	(2) บริษัทจำกัดหรือบริษัทมหาชนจำกัด ให้ยื่นสำเนาหนังสือรับรองการจดทะเบียนนิติบุคคล หนังสือบริคณห์สนธิ บัญชีรายชื่อกรรมการผู้จัดการ ผู้มีอำนาจควบคุม (ถ้ามี) และบัญชีผู้ถือหุ้นรายใหญ่ (ถ้ามี)										
194	Paragraph	209	11.1.2	11.1.2 ในกรณีผู้ยื่นข้อเสนอเป็นบุคคลธรรมดาหรือคณะบุคคลที่มิใช่นิติบุคคลให้ยื่นสำเนาบัตรประจำตัวประชาชนของผู้นั้น สำเนาข้อตกลงที่แสดงถึงการเข้าเป็นหุ้นส่วน (ถ้ามี) สำเนาบัตรประจำตัวประชาชนของผู้เป็นหุ้นส่วน หรือสำเนาหนังสือเดินทางของผู้เป็นหุ้นส่วนที่มิได้ถือสัญชาติไทย										
195	Paragraph	210	11.1.3	11.1.3 ในกรณีผู้ยื่นข้อเสนอเป็นผู้ยื่นข้อเสนอร่วมกันในฐานะเป็นผู้ร่วมค้า ให้ยื่นสำเนาสัญญา ของการเข้าร่วมค้าตามข้อ 3.11										
196	Paragraph	211	11.1.4	11.1.4 เอกสารเพิ่มเติมอื่น ๆ										
197	Paragraph	212	11.1.4(1)	(1) สำเนาใบทะเบียนพาณิชย์										
198	Paragraph	213	11.1.4(2)	(2) สำเนาใบทะเบียนภาษีมูลค่าเพิ่ม ภ.พ. 20										
199	Paragraph	214	11.2	11.2 ส่วนที่ 2 อย่างน้อยต้องมีเอกสารดังต่อไปนี้										
200	Paragraph	215	11.2.1	11.2.1 ในกรณีที่ผู้ยื่นข้อเสนอมอบอำนาจให้บุคคลอื่นกระทำการแทน ให้แนบหนังสือมอบอำนาจ ซึ่งติดอากรแสตมป์ตามกฎหมาย โดยมีหลักฐานแสดงตัวตนของผู้มอบอำนาจและผู้รับมอบอำนาจ ทั้งนี้ หากผู้รับมอบอาจเป็นบุคคลธรรมดาต้องเป็นผู้บรรลุนิติภาวะตามกฎหมายแล้วเท่านั้น										
201	Paragraph	216	11.2.2	11.2.2 เอกสารเพิ่มเติมอื่น ๆ										
202	Paragraph	217	11.2.2(1)	(1) หนังสือรับรอง ตามข้อ 3.12 และ 3.13										
203	Paragraph	218	11.2.2(2)	(๒) เอกสารแสดงมูลค่าสุทธิของกิจการ ตามรายละเอียดคุณลักษณะเฉพาะข้อ 3.14										
204	Paragraph	219	11.2.2(3)	(๓) ตารางเปรียบเทียบรายละเอียดคุณลักษณะเฉพาะตามที่ สกมช. กำหนด ในข้อ 4 กับรายละเอียดคุณลักษณะเฉพาะที่ผู้ยื่นข้อเสนอได้จัดทำ										
205	Paragraph	220	12	12. การรับประกันและการบำรุงรักษา	Warranty/SLA	รับประกัน/บำรุงรักษา 1 ปี SLA 24/48 ชั่วโมง	ต้องทำเพิ่ม	เป็นบริการ support	ต้องทำ SLA, ticketing, maintenance plan	Medium	P1	M		
206	Paragraph	221		ผู้ขายจะต้องรับประกันผลงานที่ส่งมอบให้แก่ผู้ซื้อเป็นระยะเวลาอย่างน้อย 1 ปี นับถัดจากวันที่คณะกรรมการตรวจรับพัสดุลงนามเห็นชอบและตรวจรับพัสดุ และจะต้องรับผิดชอบค่าใช้จ่ายในการบำรุงรักษาเป็นระยะเวลา 1 ปี โดยผู้ขายจะต้องจัดให้มีเจ้าหน้าที่สำหรับรับผิดชอบดูแลและบำรุงรักษาระบบ ERP พร้อมทั้งดำเนินการแก้ไขระบบ ERP ให้แล้วเสร็จตามกรณีดังต่อไปนี้										
207	Paragraph	222	12.1	1๒.1 ระบบ ERP เกิดปัญหาหรือเหตุขัดข้องในกรณีเร่งด่วน ซึ่งส่งผลกระทบต่อการดำเนินงานขององค์กรอย่างร้ายแรง หรือส่งผลให้การดำเนินงานขององค์กรหยุดชะงัก ผู้ขายจะต้องจัดให้มีเจ้าหน้าที่สำหรับดำเนินการแก้ไขปัญหาให้แล้วเสร็จภายใน 24 ชั่วโมง										
208	Paragraph	223	12.2	1๒.2 ระบบ ERP เกิดปัญหาทั่วไป หรือเหตุขัดข้องที่ไม่ส่งผลกระทบร้ายแรงต่อการดำเนินงานขององค์กร ผู้ขายจะต้องจัดให้มีเจ้าหน้าที่สำหรับดำเนินการแก้ไขปัญหาให้แล้วเสร็จภายใน ๔๘ ชั่วโมง										
209	Paragraph	224	12.3	1๒.3 ผู้ขาย ต้องนำเสนอค่าบำรุงรักษา และดูแลหลังสิ้นสุดการปรับประกัน 1 ปี										
210	Paragraph	225	12.4	1๒.4 หากมีการปรับปรุงกฎหมาย และระเบียบจากภาครัฐ ผู้ขายจะต้องดำเนินการปรับปรุงระบบ ERP ให้เป็นไปตามกฎหมายและระเบียบให้เป็นปัจจุบันทันที โดยไม่มีค่าใช้จ่ายใด ๆ เพิ่มเติม										
211	Paragraph	226	12.5	12.5 กรณีที่ผู้ขายไม่สามารถดำเนินการได้ตามเงื่อนไข การรับประกันผลงานและการบำรุงรักษา ผู้ขายจะต้องชำระค่าปรับเป็นรายวันในอัตราร้อยละ 0.1 ของมูลค่าของระบบที่ยังไม่สามารถใช้งานได้ แต่ต้องไม่ต่ำกว่าวันละ 100 บาท จนกว่าระบบจะสามารถใช้งานได้ตามปกติโดยเศษของวันจะถือเป็นหนึ่งวันเต็ม										
212	Paragraph	227	13	13. เงื่อนไขการปรับ										
213	Paragraph	228		หากผู้ขายไม่สามารถดำเนินการแล้วเสร็จตามระยะเวลาที่ผู้ซื้อได้กำหนดไว้และผู้ซื้อยังมิได้บอกเลิกสัญญา ผู้ขายจะต้องชำระค่าปรับเป็นรายวันให้แก่ผู้ซื้อในอัตราร้อยละ 0.2 ของราคาพัสดุที่ยังไม่ได้รับมอบ นับถัดจากวันที่กำหนดแล้วเสร็จตามสัญญา หรือวันที่ผู้ซื้อได้ขยายระยะเวลาให้จนถึงวันที่ทำงานแล้วเสร็จทั้งหมด										
214	Paragraph	229	14	14. วงเงินในการจัดหา										
215	Paragraph	230		วงเงินงบประมาณโครงการ 4,500,000 บาท (สี่ล้านห้าแสนบาทถ้วน) ซึ่งเป็นวงเงินที่รวมภาษีมูลค่าเพิ่มตลอดจนภาษีอากรอื่น และค่าใช้จ่ายทั้งปวงด้วยแล้ว										
216	Paragraph	231	15	15. การรักษาความลับ										
217	Paragraph	232	15.1	๑5.๑ ผู้เสนอราคาจะต้องจัดเก็บรักษาข้อมูลต่าง ๆ ที่เกี่ยวกับการดำเนินงานที่ผู้เสนอราคาได้รับจาก สกมช. และข้อมูลต่าง ๆ ที่ผู้เสนอราคาได้จัดทำขึ้นเนื่องจากการดำเนินงานตามสัญญานี้อย่างเป็นความลับของ สกมช. ซึ่งต่อไปใน สัญญานี้เรียกว่า “ข้อมูลที่เป็นความลับ” โดยผู้เสนอราคาต้องหามาตรการในการจัดเก็บข้อมูลที่เป็นความลับให้มิดชิด รวมทั้งไม่เปิดเผย หรือเผยแพร่ หรือกระทำด้วยวิธีการใดให้บุคคลอื่นใดที่มิใช่คู่สัญญาภายใต้สัญญานี้ หรือมิใช่บุคคลที่ สกมช. ได้อนุญาตเป็นลายลักษณ์อักษรให้มีส่วนเกี่ยวข้อง ที่จะรับทราบข้อมูลที่เป็นความลับภายใต้สัญญานี้ ได้ทราบถึงข้อมูลที่เป็นความลับดังกล่าว เว้นแต่จะเป็นการเปิดเผยข้อมูลดังกล่าวให้แก่เจ้าหน้าที่ผู้ปฏิบัติงานของผู้เสนอราคาที่ต้องเกี่ยวข้องโดยตรงกับข้อมูลดังกล่าวเท่านั้น และผู้เสนอราคาจะต้องจัดให้เจ้าหน้าที่ผู้ปฏิบัติงานดังกล่าวได้ผูกพันและปฏิบัติตามเงื่อนไขในการรักษาข้อมูลที่เป็นความลับเช่นว่านั้นด้วย										
218	Paragraph	233	15.2	๑5.๒ หากผู้เสนอราคามิได้ปฏิบัติตามข้อ ๑1.๑ ผู้เสนอราคาจะต้องรับผิดชอบต่อ สกมช. หรือบุคคลอื่นที่เป็นเจ้าของข้อมูลที่เป็นความลับนั้นในความเสียหายใด ๆ ที่เกิดขึ้นเนื่องจากการที่ข้อมูลที่เป็นความลับดังกล่าว ได้ถูกเปิดเผยไม่ว่าทั้งหมดหรือแต่บางส่วน และ สกมช. มีสิทธิบอกเลิกสัญญาได้ทันที										
219	Paragraph	234	15.3	๑5.๓ ผู้เสนอราคาจะยังคงต้องผูกพันตามข้อกำหนดเกี่ยวกับการรักษาข้อมูลที่เป็นความลับตามข้อ ๑1.๑ ต่อไป ตราบที่ข้อมูลที่เป็นความลับดังกล่าวยังคงเป็นความลับอยู่ แม้ว่าการจ้างตามสัญญานี้ได้สิ้นสุดลงแล้ว ไม่ว่าด้วยเหตุใดก็ตาม										
220	Paragraph	239	16	16. ลิขสิทธิ์การใช้งาน										
221	Paragraph	240	16.1	16.1 ซอฟต์แวร์ต่าง ๆ ที่นำมาใช้งาน จะต้องมีลิขสิทธิ์การใช้งานถูกต้องตามกฎหมาย เมื่อดำเนินการตามขอบเขตงานข้างต้นแล้วเสร็จ										
222	Paragraph	241	16.2	16.2 กรณีเสนอระบบบริหารจัดการทรัพยากรองค์กร (Enterprise Resource Planning : ERP) เป็นซอฟต์แวร์สำเร็จรูปต้องมีลิขสิทธิ์การใช้งานแบบซื้อขาด (Perpetual Licenses) จำนวนไม่เกิน 125 ผู้ใช้งาน	Licensing	ซอฟต์แวร์สำเร็จรูป perpetual ไม่เกิน 125 users	ต้องยืนยัน model	ERPNext/Frappe open-source self-host ลดปัญหา per-user license ได้	ต้องยืนยัน license/package/hosting/support ที่เสนอ และเงื่อนไข source code	Medium	P1	M	https://github.com/frappe/erpnext	
223	Paragraph	242	16.3	16.3 กรณีเสนอเป็นการพัฒนาระบบบริหารจัดการทรัพยากรองค์กร (Enterprise Resource Planning : ERP) ต้องมีลิขสิทธิ์ในซอฟต์แวร์แบบไม่จำกัดผู้ใช้งาน และหน่วยงานมีลิขสิทธิ์ในการใช้ Source Code ในการดำเนินการใด ๆ ในกิจการของหน่วยงานได้	Source Code	กรณีพัฒนา ERP ต้องไม่จำกัดผู้ใช้และหน่วยงานใช้ source code ได้	มีข้อได้เปรียบ	Frappe/ERPNext เป็น open-source และ custom app สามารถส่งมอบ source ได้	ต้องกำหนด ownership custom code และ deployment repository	Low-Medium	P1	M	https://github.com/frappe/frappe; https://github.com/frappe/erpnext	
224	Paragraph	244	17	17. หน่วยงานที่รับผิดชอบ										
225	Paragraph	245		สำนักการเงินและกลยุทธ์องค์กร สำนักงานคณะกรรมการการรักษาความมั่นคงปลอดภัยไซเบอร์แห่งชาติ										
226	Paragraph	247	18	18. สถานที่ส่งมอบ										
227	Paragraph	248		สำนักการเงินและกลยุทธ์องค์กร สำนักงานคณะกรรมการการรักษาความมั่นคงปลอดภัยไซเบอร์แห่งชาติ										
228	Paragraph	249	120	120 หมู่ 3 อาคารรัฐประศาสนภักดี (อาคารบี) ชั้น 7 ศูนย์ราชการเฉลิมพระเกียรติ 80 พรรษา 5 ธันวาคม 2550 ถนนแจ้งวัฒนะ แขวงทุ่งสองห้อง เขตหลักสี่ กรุงเทพฯ 10210										
229	Table 1	1		งวดงาน || รายการส่งมอบงาน || กำหนดเวลาส่งมอบ										
230	Table 1	2		งวดเดียว || เมื่อผู้ขายส่งมอบระบบและติดตั้งระบบ พร้อมใช้งาน ครบถ้วนสมบูรณ์ และได้รับความเห็นชอบจากคณะกรรมการตรวจรับพัสดุ ซึ่งผู้ขายจะต้องส่งมอบดังนี้ ๑) ระบบบริหารทรัพยากรองค์กร (Enterprise Resource Planning: ERP) ๒) ติดตั้งระบบบริหารทรัพยากรองค์กร (Enterprise Resource Planning: ERP) ให้แล้วเสร็จ ๓) จัดฝึกอบรมระบบบริหารทรัพยากรองค์กร (Enterprise Resource Planning: ERP) ให้แล้วเสร็จ ๔) รายงานผลการทดสอบการใช้งาน (User Acceptance Test) ๕) รายงานผลการนำเข้าข้อมูลตั้งต้น (Data Migration) ๖) รายงานสรุปผลการฝึกอบรมการใช้งานระบบ ERP (Training) ๗) รายงานผลการขึ้นระบบ ERP (Go live) ๘) รายงานผลการสนับสนุนการใช้งานระบบ ERP ณ สถานที่ทำการของ สกมช. หลังการขึ้นระบบเป็นระยะเวลา 1 เดือน ๙) คู่มือการใช้งาน ประกอบด้วย (๑) คู่มือสำหรับผู้ใช้งานทั่วไป (User Manual) (๒) คู่มือสำหรับผู้ดูแลระบบย่อย (๓) คู่มือสำหรับผู้ดูแลระบบ (System Admin Manual) เพื่อให้สามารถแก้ไขปัญหาเบื้องต้น และการจัดเก็บ/สำรองข้อมูล (Back up Data) /ฟื้นฟูระบบ (Restore/Recovery) || ภายใน ๖๐ วัน นับถัดจากวันลงนามในสัญญา										
